Series Code,Country Code,Time Code,Value
IC.BUS.EASE.XQ,CHN_BEI,YR2011,
IC.BUS.EASE.XQ,CHN_BEI,YR2012,
IC.BUS.EASE.XQ,CHN_BEI,YR2013,
IC.BUS.EASE.XQ,CHN_BEI,YR2014,
IC.BUS.EASE.XQ,CHN_BEI,YR2015,
IC.BUS.EASE.XQ,CHN_BEI,YR2016,
IC.BUS.EASE.XQ,CHN_BEI,YR2017,
IC.BUS.EASE.XQ,CHN_BEI,YR2018,
IC.BUS.EASE.XQ,CHN_BEI,YR2019,
IC.BUS.EASE.XQ,CHN_BEI,YR2020,
IC.BUS.EASE.XQ,BGD_CHI,YR2011,
IC.BUS.EASE.XQ,BGD_CHI,YR2012,
IC.BUS.EASE.XQ,BGD_CHI,YR2013,
IC.BUS.EASE.XQ,BGD_CHI,YR2014,
IC.BUS.EASE.XQ,BGD_CHI,YR2015,
IC.BUS.EASE.XQ,BGD_CHI,YR2016,
IC.BUS.EASE.XQ,BGD_CHI,YR2017,
IC.BUS.EASE.XQ,BGD_CHI,YR2018,
IC.BUS.EASE.XQ,BGD_CHI,YR2019,
IC.BUS.EASE.XQ,BGD_CHI,YR2020,
IC.BUS.EASE.XQ,IND_DEL,YR2011,
IC.BUS.EASE.XQ,IND_DEL,YR2012,
IC.BUS.EASE.XQ,IND_DEL,YR2013,
IC.BUS.EASE.XQ,IND_DEL,YR2014,
IC.BUS.EASE.XQ,IND_DEL,YR2015,
IC.BUS.EASE.XQ,IND_DEL,YR2016,
IC.BUS.EASE.XQ,IND_DEL,YR2017,
IC.BUS.EASE.XQ,IND_DEL,YR2018,
IC.BUS.EASE.XQ,IND_DEL,YR2019,
IC.BUS.EASE.XQ,IND_DEL,YR2020,
IC.BUS.EASE.XQ,BGD_DHA,YR2011,
IC.BUS.EASE.XQ,BGD_DHA,YR2012,
IC.BUS.EASE.XQ,BGD_DHA,YR2013,
IC.BUS.EASE.XQ,BGD_DHA,YR2014,
IC.BUS.EASE.XQ,BGD_DHA,YR2015,
IC.BUS.EASE.XQ,BGD_DHA,YR2016,
IC.BUS.EASE.XQ,BGD_DHA,YR2017,
IC.BUS.EASE.XQ,BGD_DHA,YR2018,
IC.BUS.EASE.XQ,BGD_DHA,YR2019,
IC.BUS.EASE.XQ,BGD_DHA,YR2020,
IC.BUS.EASE.XQ,IDN_JAK,YR2011,
IC.BUS.EASE.XQ,IDN_JAK,YR2012,
IC.BUS.EASE.XQ,IDN_JAK,YR2013,
IC.BUS.EASE.XQ,IDN_JAK,YR2014,
IC.BUS.EASE.XQ,IDN_JAK,YR2015,
IC.BUS.EASE.XQ,IDN_JAK,YR2016,
IC.BUS.EASE.XQ,IDN_JAK,YR2017,
IC.BUS.EASE.XQ,IDN_JAK,YR2018,
IC.BUS.EASE.XQ,IDN_JAK,YR2019,
IC.BUS.EASE.XQ,IDN_JAK,YR2020,
IC.BUS.EASE.XQ,NGA_KAN,YR2011,
IC.BUS.EASE.XQ,NGA_KAN,YR2012,
IC.BUS.EASE.XQ,NGA_KAN,YR2013,
IC.BUS.EASE.XQ,NGA_KAN,YR2014,
IC.BUS.EASE.XQ,NGA_KAN,YR2015,
IC.BUS.EASE.XQ,NGA_KAN,YR2016,
IC.BUS.EASE.XQ,NGA_KAN,YR2017,
IC.BUS.EASE.XQ,NGA_KAN,YR2018,
IC.BUS.EASE.XQ,NGA_KAN,YR2019,
IC.BUS.EASE.XQ,NGA_KAN,YR2020,
IC.BUS.EASE.XQ,PAK_KAR,YR2011,
IC.BUS.EASE.XQ,PAK_KAR,YR2012,
IC.BUS.EASE.XQ,PAK_KAR,YR2013,
IC.BUS.EASE.XQ,PAK_KAR,YR2014,
IC.BUS.EASE.XQ,PAK_KAR,YR2015,
IC.BUS.EASE.XQ,PAK_KAR,YR2016,
IC.BUS.EASE.XQ,PAK_KAR,YR2017,
IC.BUS.EASE.XQ,PAK_KAR,YR2018,
IC.BUS.EASE.XQ,PAK_KAR,YR2019,
IC.BUS.EASE.XQ,PAK_KAR,YR2020,
IC.BUS.EASE.XQ,NGA_LAG,YR2011,
IC.BUS.EASE.XQ,NGA_LAG,YR2012,
IC.BUS.EASE.XQ,NGA_LAG,YR2013,
IC.BUS.EASE.XQ,NGA_LAG,YR2014,
IC.BUS.EASE.XQ,NGA_LAG,YR2015,
IC.BUS.EASE.XQ,NGA_LAG,YR2016,
IC.BUS.EASE.XQ,NGA_LAG,YR2017,
IC.BUS.EASE.XQ,NGA_LAG,YR2018,
IC.BUS.EASE.XQ,NGA_LAG,YR2019,
IC.BUS.EASE.XQ,NGA_LAG,YR2020,
IC.BUS.EASE.XQ,PAK_LAH,YR2011,
IC.BUS.EASE.XQ,PAK_LAH,YR2012,
IC.BUS.EASE.XQ,PAK_LAH,YR2013,
IC.BUS.EASE.XQ,PAK_LAH,YR2014,
IC.BUS.EASE.XQ,PAK_LAH,YR2015,
IC.BUS.EASE.XQ,PAK_LAH,YR2016,
IC.BUS.EASE.XQ,PAK_LAH,YR2017,
IC.BUS.EASE.XQ,PAK_LAH,YR2018,
IC.BUS.EASE.XQ,PAK_LAH,YR2019,
IC.BUS.EASE.XQ,PAK_LAH,YR2020,
IC.BUS.EASE.XQ,USA_LA,YR2011,
IC.BUS.EASE.XQ,USA_LA,YR2012,
IC.BUS.EASE.XQ,USA_LA,YR2013,
IC.BUS.EASE.XQ,USA_LA,YR2014,
IC.BUS.EASE.XQ,USA_LA,YR2015,
IC.BUS.EASE.XQ,USA_LA,YR2016,
IC.BUS.EASE.XQ,USA_LA,YR2017,
IC.BUS.EASE.XQ,USA_LA,YR2018,
IC.BUS.EASE.XQ,USA_LA,YR2019,
IC.BUS.EASE.XQ,USA_LA,YR2020,
IC.BUS.EASE.XQ,MEX_MEC,YR2011,
IC.BUS.EASE.XQ,MEX_MEC,YR2012,
IC.BUS.EASE.XQ,MEX_MEC,YR2013,
IC.BUS.EASE.XQ,MEX_MEC,YR2014,
IC.BUS.EASE.XQ,MEX_MEC,YR2015,
IC.BUS.EASE.XQ,MEX_MEC,YR2016,
IC.BUS.EASE.XQ,MEX_MEC,YR2017,
IC.BUS.EASE.XQ,MEX_MEC,YR2018,
IC.BUS.EASE.XQ,MEX_MEC,YR2019,
IC.BUS.EASE.XQ,MEX_MEC,YR2020,
IC.BUS.EASE.XQ,MEX_MON,YR2011,
IC.BUS.EASE.XQ,MEX_MON,YR2012,
IC.BUS.EASE.XQ,MEX_MON,YR2013,
IC.BUS.EASE.XQ,MEX_MON,YR2014,
IC.BUS.EASE.XQ,MEX_MON,YR2015,
IC.BUS.EASE.XQ,MEX_MON,YR2016,
IC.BUS.EASE.XQ,MEX_MON,YR2017,
IC.BUS.EASE.XQ,MEX_MON,YR2018,
IC.BUS.EASE.XQ,MEX_MON,YR2019,
IC.BUS.EASE.XQ,MEX_MON,YR2020,
IC.BUS.EASE.XQ,RUS_MOS,YR2011,
IC.BUS.EASE.XQ,RUS_MOS,YR2012,
IC.BUS.EASE.XQ,RUS_MOS,YR2013,
IC.BUS.EASE.XQ,RUS_MOS,YR2014,
IC.BUS.EASE.XQ,RUS_MOS,YR2015,
IC.BUS.EASE.XQ,RUS_MOS,YR2016,
IC.BUS.EASE.XQ,RUS_MOS,YR2017,
IC.BUS.EASE.XQ,RUS_MOS,YR2018,
IC.BUS.EASE.XQ,RUS_MOS,YR2019,
IC.BUS.EASE.XQ,RUS_MOS,YR2020,
IC.BUS.EASE.XQ,IND_MUM,YR2011,
IC.BUS.EASE.XQ,IND_MUM,YR2012,
IC.BUS.EASE.XQ,IND_MUM,YR2013,
IC.BUS.EASE.XQ,IND_MUM,YR2014,
IC.BUS.EASE.XQ,IND_MUM,YR2015,
IC.BUS.EASE.XQ,IND_MUM,YR2016,
IC.BUS.EASE.XQ,IND_MUM,YR2017,
IC.BUS.EASE.XQ,IND_MUM,YR2018,
IC.BUS.EASE.XQ,IND_MUM,YR2019,
IC.BUS.EASE.XQ,IND_MUM,YR2020,
IC.BUS.EASE.XQ,USA_NY,YR2011,
IC.BUS.EASE.XQ,USA_NY,YR2012,
IC.BUS.EASE.XQ,USA_NY,YR2013,
IC.BUS.EASE.XQ,USA_NY,YR2014,
IC.BUS.EASE.XQ,USA_NY,YR2015,
IC.BUS.EASE.XQ,USA_NY,YR2016,
IC.BUS.EASE.XQ,USA_NY,YR2017,
IC.BUS.EASE.XQ,USA_NY,YR2018,
IC.BUS.EASE.XQ,USA_NY,YR2019,
IC.BUS.EASE.XQ,USA_NY,YR2020,
IC.BUS.EASE.XQ,JPN_OSA,YR2011,
IC.BUS.EASE.XQ,JPN_OSA,YR2012,
IC.BUS.EASE.XQ,JPN_OSA,YR2013,
IC.BUS.EASE.XQ,JPN_OSA,YR2014,
IC.BUS.EASE.XQ,JPN_OSA,YR2015,
IC.BUS.EASE.XQ,JPN_OSA,YR2016,
IC.BUS.EASE.XQ,JPN_OSA,YR2017,
IC.BUS.EASE.XQ,JPN_OSA,YR2018,
IC.BUS.EASE.XQ,JPN_OSA,YR2019,
IC.BUS.EASE.XQ,JPN_OSA,YR2020,
IC.BUS.EASE.XQ,BRA_RIO,YR2011,
IC.BUS.EASE.XQ,BRA_RIO,YR2012,
IC.BUS.EASE.XQ,BRA_RIO,YR2013,
IC.BUS.EASE.XQ,BRA_RIO,YR2014,
IC.BUS.EASE.XQ,BRA_RIO,YR2015,
IC.BUS.EASE.XQ,BRA_RIO,YR2016,
IC.BUS.EASE.XQ,BRA_RIO,YR2017,
IC.BUS.EASE.XQ,BRA_RIO,YR2018,
IC.BUS.EASE.XQ,BRA_RIO,YR2019,
IC.BUS.EASE.XQ,BRA_RIO,YR2020,
IC.BUS.EASE.XQ,BRA_SAO,YR2011,
IC.BUS.EASE.XQ,BRA_SAO,YR2012,
IC.BUS.EASE.XQ,BRA_SAO,YR2013,
IC.BUS.EASE.XQ,BRA_SAO,YR2014,
IC.BUS.EASE.XQ,BRA_SAO,YR2015,
IC.BUS.EASE.XQ,BRA_SAO,YR2016,
IC.BUS.EASE.XQ,BRA_SAO,YR2017,
IC.BUS.EASE.XQ,BRA_SAO,YR2018,
IC.BUS.EASE.XQ,BRA_SAO,YR2019,
IC.BUS.EASE.XQ,BRA_SAO,YR2020,
IC.BUS.EASE.XQ,CHN_SHA,YR2011,
IC.BUS.EASE.XQ,CHN_SHA,YR2012,
IC.BUS.EASE.XQ,CHN_SHA,YR2013,
IC.BUS.EASE.XQ,CHN_SHA,YR2014,
IC.BUS.EASE.XQ,CHN_SHA,YR2015,
IC.BUS.EASE.XQ,CHN_SHA,YR2016,
IC.BUS.EASE.XQ,CHN_SHA,YR2017,
IC.BUS.EASE.XQ,CHN_SHA,YR2018,
IC.BUS.EASE.XQ,CHN_SHA,YR2019,
IC.BUS.EASE.XQ,CHN_SHA,YR2020,
IC.BUS.EASE.XQ,RUS_STP,YR2011,
IC.BUS.EASE.XQ,RUS_STP,YR2012,
IC.BUS.EASE.XQ,RUS_STP,YR2013,
IC.BUS.EASE.XQ,RUS_STP,YR2014,
IC.BUS.EASE.XQ,RUS_STP,YR2015,
IC.BUS.EASE.XQ,RUS_STP,YR2016,
IC.BUS.EASE.XQ,RUS_STP,YR2017,
IC.BUS.EASE.XQ,RUS_STP,YR2018,
IC.BUS.EASE.XQ,RUS_STP,YR2019,
IC.BUS.EASE.XQ,RUS_STP,YR2020,
IC.BUS.EASE.XQ,IDN_SUR,YR2011,
IC.BUS.EASE.XQ,IDN_SUR,YR2012,
IC.BUS.EASE.XQ,IDN_SUR,YR2013,
IC.BUS.EASE.XQ,IDN_SUR,YR2014,
IC.BUS.EASE.XQ,IDN_SUR,YR2015,
IC.BUS.EASE.XQ,IDN_SUR,YR2016,
IC.BUS.EASE.XQ,IDN_SUR,YR2017,
IC.BUS.EASE.XQ,IDN_SUR,YR2018,
IC.BUS.EASE.XQ,IDN_SUR,YR2019,
IC.BUS.EASE.XQ,IDN_SUR,YR2020,
IC.BUS.EASE.XQ,JPN_TOK,YR2011,
IC.BUS.EASE.XQ,JPN_TOK,YR2012,
IC.BUS.EASE.XQ,JPN_TOK,YR2013,
IC.BUS.EASE.XQ,JPN_TOK,YR2014,
IC.BUS.EASE.XQ,JPN_TOK,YR2015,
IC.BUS.EASE.XQ,JPN_TOK,YR2016,
IC.BUS.EASE.XQ,JPN_TOK,YR2017,
IC.BUS.EASE.XQ,JPN_TOK,YR2018,
IC.BUS.EASE.XQ,JPN_TOK,YR2019,
IC.BUS.EASE.XQ,JPN_TOK,YR2020,
IC.BUS.EASE.XQ,AFG,YR2011,
IC.BUS.EASE.XQ,AFG,YR2012,
IC.BUS.EASE.XQ,AFG,YR2013,
IC.BUS.EASE.XQ,AFG,YR2014,
IC.BUS.EASE.XQ,AFG,YR2015,
IC.BUS.EASE.XQ,AFG,YR2016,
IC.BUS.EASE.XQ,AFG,YR2017,
IC.BUS.EASE.XQ,AFG,YR2018,
IC.BUS.EASE.XQ,AFG,YR2019,
IC.BUS.EASE.XQ,AFG,YR2020,173
IC.BUS.EASE.XQ,ALB,YR2011,
IC.BUS.EASE.XQ,ALB,YR2012,
IC.BUS.EASE.XQ,ALB,YR2013,
IC.BUS.EASE.XQ,ALB,YR2014,
IC.BUS.EASE.XQ,ALB,YR2015,
IC.BUS.EASE.XQ,ALB,YR2016,
IC.BUS.EASE.XQ,ALB,YR2017,
IC.BUS.EASE.XQ,ALB,YR2018,
IC.BUS.EASE.XQ,ALB,YR2019,
IC.BUS.EASE.XQ,ALB,YR2020,82
IC.BUS.EASE.XQ,DZA,YR2011,
IC.BUS.EASE.XQ,DZA,YR2012,
IC.BUS.EASE.XQ,DZA,YR2013,
IC.BUS.EASE.XQ,DZA,YR2014,
IC.BUS.EASE.XQ,DZA,YR2015,
IC.BUS.EASE.XQ,DZA,YR2016,
IC.BUS.EASE.XQ,DZA,YR2017,
IC.BUS.EASE.XQ,DZA,YR2018,
IC.BUS.EASE.XQ,DZA,YR2019,
IC.BUS.EASE.XQ,DZA,YR2020,157
IC.BUS.EASE.XQ,AGO,YR2011,
IC.BUS.EASE.XQ,AGO,YR2012,
IC.BUS.EASE.XQ,AGO,YR2013,
IC.BUS.EASE.XQ,AGO,YR2014,
IC.BUS.EASE.XQ,AGO,YR2015,
IC.BUS.EASE.XQ,AGO,YR2016,
IC.BUS.EASE.XQ,AGO,YR2017,
IC.BUS.EASE.XQ,AGO,YR2018,
IC.BUS.EASE.XQ,AGO,YR2019,
IC.BUS.EASE.XQ,AGO,YR2020,177
IC.BUS.EASE.XQ,ATG,YR2011,
IC.BUS.EASE.XQ,ATG,YR2012,
IC.BUS.EASE.XQ,ATG,YR2013,
IC.BUS.EASE.XQ,ATG,YR2014,
IC.BUS.EASE.XQ,ATG,YR2015,
IC.BUS.EASE.XQ,ATG,YR2016,
IC.BUS.EASE.XQ,ATG,YR2017,
IC.BUS.EASE.XQ,ATG,YR2018,
IC.BUS.EASE.XQ,ATG,YR2019,
IC.BUS.EASE.XQ,ATG,YR2020,113
IC.BUS.EASE.XQ,ARG,YR2011,
IC.BUS.EASE.XQ,ARG,YR2012,
IC.BUS.EASE.XQ,ARG,YR2013,
IC.BUS.EASE.XQ,ARG,YR2014,
IC.BUS.EASE.XQ,ARG,YR2015,
IC.BUS.EASE.XQ,ARG,YR2016,
IC.BUS.EASE.XQ,ARG,YR2017,
IC.BUS.EASE.XQ,ARG,YR2018,
IC.BUS.EASE.XQ,ARG,YR2019,
IC.BUS.EASE.XQ,ARG,YR2020,126
IC.BUS.EASE.XQ,ARM,YR2011,
IC.BUS.EASE.XQ,ARM,YR2012,
IC.BUS.EASE.XQ,ARM,YR2013,
IC.BUS.EASE.XQ,ARM,YR2014,
IC.BUS.EASE.XQ,ARM,YR2015,
IC.BUS.EASE.XQ,ARM,YR2016,
IC.BUS.EASE.XQ,ARM,YR2017,
IC.BUS.EASE.XQ,ARM,YR2018,
IC.BUS.EASE.XQ,ARM,YR2019,
IC.BUS.EASE.XQ,ARM,YR2020,47
IC.BUS.EASE.XQ,AUS,YR2011,
IC.BUS.EASE.XQ,AUS,YR2012,
IC.BUS.EASE.XQ,AUS,YR2013,
IC.BUS.EASE.XQ,AUS,YR2014,
IC.BUS.EASE.XQ,AUS,YR2015,
IC.BUS.EASE.XQ,AUS,YR2016,
IC.BUS.EASE.XQ,AUS,YR2017,
IC.BUS.EASE.XQ,AUS,YR2018,
IC.BUS.EASE.XQ,AUS,YR2019,
IC.BUS.EASE.XQ,AUS,YR2020,14
IC.BUS.EASE.XQ,AUT,YR2011,
IC.BUS.EASE.XQ,AUT,YR2012,
IC.BUS.EASE.XQ,AUT,YR2013,
IC.BUS.EASE.XQ,AUT,YR2014,
IC.BUS.EASE.XQ,AUT,YR2015,
IC.BUS.EASE.XQ,AUT,YR2016,
IC.BUS.EASE.XQ,AUT,YR2017,
IC.BUS.EASE.XQ,AUT,YR2018,
IC.BUS.EASE.XQ,AUT,YR2019,
IC.BUS.EASE.XQ,AUT,YR2020,27
IC.BUS.EASE.XQ,AZE,YR2011,
IC.BUS.EASE.XQ,AZE,YR2012,
IC.BUS.EASE.XQ,AZE,YR2013,
IC.BUS.EASE.XQ,AZE,YR2014,
IC.BUS.EASE.XQ,AZE,YR2015,
IC.BUS.EASE.XQ,AZE,YR2016,
IC.BUS.EASE.XQ,AZE,YR2017,
IC.BUS.EASE.XQ,AZE,YR2018,
IC.BUS.EASE.XQ,AZE,YR2019,
IC.BUS.EASE.XQ,AZE,YR2020,34
IC.BUS.EASE.XQ,BHS,YR2011,
IC.BUS.EASE.XQ,BHS,YR2012,
IC.BUS.EASE.XQ,BHS,YR2013,
IC.BUS.EASE.XQ,BHS,YR2014,
IC.BUS.EASE.XQ,BHS,YR2015,
IC.BUS.EASE.XQ,BHS,YR2016,
IC.BUS.EASE.XQ,BHS,YR2017,
IC.BUS.EASE.XQ,BHS,YR2018,
IC.BUS.EASE.XQ,BHS,YR2019,
IC.BUS.EASE.XQ,BHS,YR2020,119
IC.BUS.EASE.XQ,BHR,YR2011,
IC.BUS.EASE.XQ,BHR,YR2012,
IC.BUS.EASE.XQ,BHR,YR2013,
IC.BUS.EASE.XQ,BHR,YR2014,
IC.BUS.EASE.XQ,BHR,YR2015,
IC.BUS.EASE.XQ,BHR,YR2016,
IC.BUS.EASE.XQ,BHR,YR2017,
IC.BUS.EASE.XQ,BHR,YR2018,
IC.BUS.EASE.XQ,BHR,YR2019,
IC.BUS.EASE.XQ,BHR,YR2020,43
IC.BUS.EASE.XQ,BGD,YR2011,
IC.BUS.EASE.XQ,BGD,YR2012,
IC.BUS.EASE.XQ,BGD,YR2013,
IC.BUS.EASE.XQ,BGD,YR2014,
IC.BUS.EASE.XQ,BGD,YR2015,
IC.BUS.EASE.XQ,BGD,YR2016,
IC.BUS.EASE.XQ,BGD,YR2017,
IC.BUS.EASE.XQ,BGD,YR2018,
IC.BUS.EASE.XQ,BGD,YR2019,
IC.BUS.EASE.XQ,BGD,YR2020,168
IC.BUS.EASE.XQ,BRB,YR2011,
IC.BUS.EASE.XQ,BRB,YR2012,
IC.BUS.EASE.XQ,BRB,YR2013,
IC.BUS.EASE.XQ,BRB,YR2014,
IC.BUS.EASE.XQ,BRB,YR2015,
IC.BUS.EASE.XQ,BRB,YR2016,
IC.BUS.EASE.XQ,BRB,YR2017,
IC.BUS.EASE.XQ,BRB,YR2018,
IC.BUS.EASE.XQ,BRB,YR2019,
IC.BUS.EASE.XQ,BRB,YR2020,128
IC.BUS.EASE.XQ,BLR,YR2011,
IC.BUS.EASE.XQ,BLR,YR2012,
IC.BUS.EASE.XQ,BLR,YR2013,
IC.BUS.EASE.XQ,BLR,YR2014,
IC.BUS.EASE.XQ,BLR,YR2015,
IC.BUS.EASE.XQ,BLR,YR2016,
IC.BUS.EASE.XQ,BLR,YR2017,
IC.BUS.EASE.XQ,BLR,YR2018,
IC.BUS.EASE.XQ,BLR,YR2019,
IC.BUS.EASE.XQ,BLR,YR2020,49
IC.BUS.EASE.XQ,BEL,YR2011,
IC.BUS.EASE.XQ,BEL,YR2012,
IC.BUS.EASE.XQ,BEL,YR2013,
IC.BUS.EASE.XQ,BEL,YR2014,
IC.BUS.EASE.XQ,BEL,YR2015,
IC.BUS.EASE.XQ,BEL,YR2016,
IC.BUS.EASE.XQ,BEL,YR2017,
IC.BUS.EASE.XQ,BEL,YR2018,
IC.BUS.EASE.XQ,BEL,YR2019,
IC.BUS.EASE.XQ,BEL,YR2020,46
IC.BUS.EASE.XQ,BLZ,YR2011,
IC.BUS.EASE.XQ,BLZ,YR2012,
IC.BUS.EASE.XQ,BLZ,YR2013,
IC.BUS.EASE.XQ,BLZ,YR2014,
IC.BUS.EASE.XQ,BLZ,YR2015,
IC.BUS.EASE.XQ,BLZ,YR2016,
IC.BUS.EASE.XQ,BLZ,YR2017,
IC.BUS.EASE.XQ,BLZ,YR2018,
IC.BUS.EASE.XQ,BLZ,YR2019,
IC.BUS.EASE.XQ,BLZ,YR2020,135
IC.BUS.EASE.XQ,BEN,YR2011,
IC.BUS.EASE.XQ,BEN,YR2012,
IC.BUS.EASE.XQ,BEN,YR2013,
IC.BUS.EASE.XQ,BEN,YR2014,
IC.BUS.EASE.XQ,BEN,YR2015,
IC.BUS.EASE.XQ,BEN,YR2016,
IC.BUS.EASE.XQ,BEN,YR2017,
IC.BUS.EASE.XQ,BEN,YR2018,
IC.BUS.EASE.XQ,BEN,YR2019,
IC.BUS.EASE.XQ,BEN,YR2020,149
IC.BUS.EASE.XQ,BTN,YR2011,
IC.BUS.EASE.XQ,BTN,YR2012,
IC.BUS.EASE.XQ,BTN,YR2013,
IC.BUS.EASE.XQ,BTN,YR2014,
IC.BUS.EASE.XQ,BTN,YR2015,
IC.BUS.EASE.XQ,BTN,YR2016,
IC.BUS.EASE.XQ,BTN,YR2017,
IC.BUS.EASE.XQ,BTN,YR2018,
IC.BUS.EASE.XQ,BTN,YR2019,
IC.BUS.EASE.XQ,BTN,YR2020,89
IC.BUS.EASE.XQ,BOL,YR2011,
IC.BUS.EASE.XQ,BOL,YR2012,
IC.BUS.EASE.XQ,BOL,YR2013,
IC.BUS.EASE.XQ,BOL,YR2014,
IC.BUS.EASE.XQ,BOL,YR2015,
IC.BUS.EASE.XQ,BOL,YR2016,
IC.BUS.EASE.XQ,BOL,YR2017,
IC.BUS.EASE.XQ,BOL,YR2018,
IC.BUS.EASE.XQ,BOL,YR2019,
IC.BUS.EASE.XQ,BOL,YR2020,150
IC.BUS.EASE.XQ,BIH,YR2011,
IC.BUS.EASE.XQ,BIH,YR2012,
IC.BUS.EASE.XQ,BIH,YR2013,
IC.BUS.EASE.XQ,BIH,YR2014,
IC.BUS.EASE.XQ,BIH,YR2015,
IC.BUS.EASE.XQ,BIH,YR2016,
IC.BUS.EASE.XQ,BIH,YR2017,
IC.BUS.EASE.XQ,BIH,YR2018,
IC.BUS.EASE.XQ,BIH,YR2019,
IC.BUS.EASE.XQ,BIH,YR2020,90
IC.BUS.EASE.XQ,BWA,YR2011,
IC.BUS.EASE.XQ,BWA,YR2012,
IC.BUS.EASE.XQ,BWA,YR2013,
IC.BUS.EASE.XQ,BWA,YR2014,
IC.BUS.EASE.XQ,BWA,YR2015,
IC.BUS.EASE.XQ,BWA,YR2016,
IC.BUS.EASE.XQ,BWA,YR2017,
IC.BUS.EASE.XQ,BWA,YR2018,
IC.BUS.EASE.XQ,BWA,YR2019,
IC.BUS.EASE.XQ,BWA,YR2020,87
IC.BUS.EASE.XQ,BRA,YR2011,
IC.BUS.EASE.XQ,BRA,YR2012,
IC.BUS.EASE.XQ,BRA,YR2013,
IC.BUS.EASE.XQ,BRA,YR2014,
IC.BUS.EASE.XQ,BRA,YR2015,
IC.BUS.EASE.XQ,BRA,YR2016,
IC.BUS.EASE.XQ,BRA,YR2017,
IC.BUS.EASE.XQ,BRA,YR2018,
IC.BUS.EASE.XQ,BRA,YR2019,
IC.BUS.EASE.XQ,BRA,YR2020,124
IC.BUS.EASE.XQ,BRN,YR2011,
IC.BUS.EASE.XQ,BRN,YR2012,
IC.BUS.EASE.XQ,BRN,YR2013,
IC.BUS.EASE.XQ,BRN,YR2014,
IC.BUS.EASE.XQ,BRN,YR2015,
IC.BUS.EASE.XQ,BRN,YR2016,
IC.BUS.EASE.XQ,BRN,YR2017,
IC.BUS.EASE.XQ,BRN,YR2018,
IC.BUS.EASE.XQ,BRN,YR2019,
IC.BUS.EASE.XQ,BRN,YR2020,66
IC.BUS.EASE.XQ,BGR,YR2011,
IC.BUS.EASE.XQ,BGR,YR2012,
IC.BUS.EASE.XQ,BGR,YR2013,
IC.BUS.EASE.XQ,BGR,YR2014,
IC.BUS.EASE.XQ,BGR,YR2015,
IC.BUS.EASE.XQ,BGR,YR2016,
IC.BUS.EASE.XQ,BGR,YR2017,
IC.BUS.EASE.XQ,BGR,YR2018,
IC.BUS.EASE.XQ,BGR,YR2019,
IC.BUS.EASE.XQ,BGR,YR2020,61
IC.BUS.EASE.XQ,BFA,YR2011,
IC.BUS.EASE.XQ,BFA,YR2012,
IC.BUS.EASE.XQ,BFA,YR2013,
IC.BUS.EASE.XQ,BFA,YR2014,
IC.BUS.EASE.XQ,BFA,YR2015,
IC.BUS.EASE.XQ,BFA,YR2016,
IC.BUS.EASE.XQ,BFA,YR2017,
IC.BUS.EASE.XQ,BFA,YR2018,
IC.BUS.EASE.XQ,BFA,YR2019,
IC.BUS.EASE.XQ,BFA,YR2020,151
IC.BUS.EASE.XQ,BDI,YR2011,
IC.BUS.EASE.XQ,BDI,YR2012,
IC.BUS.EASE.XQ,BDI,YR2013,
IC.BUS.EASE.XQ,BDI,YR2014,
IC.BUS.EASE.XQ,BDI,YR2015,
IC.BUS.EASE.XQ,BDI,YR2016,
IC.BUS.EASE.XQ,BDI,YR2017,
IC.BUS.EASE.XQ,BDI,YR2018,
IC.BUS.EASE.XQ,BDI,YR2019,
IC.BUS.EASE.XQ,BDI,YR2020,166
IC.BUS.EASE.XQ,CPV,YR2011,
IC.BUS.EASE.XQ,CPV,YR2012,
IC.BUS.EASE.XQ,CPV,YR2013,
IC.BUS.EASE.XQ,CPV,YR2014,
IC.BUS.EASE.XQ,CPV,YR2015,
IC.BUS.EASE.XQ,CPV,YR2016,
IC.BUS.EASE.XQ,CPV,YR2017,
IC.BUS.EASE.XQ,CPV,YR2018,
IC.BUS.EASE.XQ,CPV,YR2019,
IC.BUS.EASE.XQ,CPV,YR2020,137
IC.BUS.EASE.XQ,KHM,YR2011,
IC.BUS.EASE.XQ,KHM,YR2012,
IC.BUS.EASE.XQ,KHM,YR2013,
IC.BUS.EASE.XQ,KHM,YR2014,
IC.BUS.EASE.XQ,KHM,YR2015,
IC.BUS.EASE.XQ,KHM,YR2016,
IC.BUS.EASE.XQ,KHM,YR2017,
IC.BUS.EASE.XQ,KHM,YR2018,
IC.BUS.EASE.XQ,KHM,YR2019,
IC.BUS.EASE.XQ,KHM,YR2020,144
IC.BUS.EASE.XQ,CMR,YR2011,
IC.BUS.EASE.XQ,CMR,YR2012,
IC.BUS.EASE.XQ,CMR,YR2013,
IC.BUS.EASE.XQ,CMR,YR2014,
IC.BUS.EASE.XQ,CMR,YR2015,
IC.BUS.EASE.XQ,CMR,YR2016,
IC.BUS.EASE.XQ,CMR,YR2017,
IC.BUS.EASE.XQ,CMR,YR2018,
IC.BUS.EASE.XQ,CMR,YR2019,
IC.BUS.EASE.XQ,CMR,YR2020,167
IC.BUS.EASE.XQ,CAN,YR2011,
IC.BUS.EASE.XQ,CAN,YR2012,
IC.BUS.EASE.XQ,CAN,YR2013,
IC.BUS.EASE.XQ,CAN,YR2014,
IC.BUS.EASE.XQ,CAN,YR2015,
IC.BUS.EASE.XQ,CAN,YR2016,
IC.BUS.EASE.XQ,CAN,YR2017,
IC.BUS.EASE.XQ,CAN,YR2018,
IC.BUS.EASE.XQ,CAN,YR2019,
IC.BUS.EASE.XQ,CAN,YR2020,23
IC.BUS.EASE.XQ,CAF,YR2011,
IC.BUS.EASE.XQ,CAF,YR2012,
IC.BUS.EASE.XQ,CAF,YR2013,
IC.BUS.EASE.XQ,CAF,YR2014,
IC.BUS.EASE.XQ,CAF,YR2015,
IC.BUS.EASE.XQ,CAF,YR2016,
IC.BUS.EASE.XQ,CAF,YR2017,
IC.BUS.EASE.XQ,CAF,YR2018,
IC.BUS.EASE.XQ,CAF,YR2019,
IC.BUS.EASE.XQ,CAF,YR2020,184
IC.BUS.EASE.XQ,TCD,YR2011,
IC.BUS.EASE.XQ,TCD,YR2012,
IC.BUS.EASE.XQ,TCD,YR2013,
IC.BUS.EASE.XQ,TCD,YR2014,
IC.BUS.EASE.XQ,TCD,YR2015,
IC.BUS.EASE.XQ,TCD,YR2016,
IC.BUS.EASE.XQ,TCD,YR2017,
IC.BUS.EASE.XQ,TCD,YR2018,
IC.BUS.EASE.XQ,TCD,YR2019,
IC.BUS.EASE.XQ,TCD,YR2020,182
IC.BUS.EASE.XQ,CHL,YR2011,
IC.BUS.EASE.XQ,CHL,YR2012,
IC.BUS.EASE.XQ,CHL,YR2013,
IC.BUS.EASE.XQ,CHL,YR2014,
IC.BUS.EASE.XQ,CHL,YR2015,
IC.BUS.EASE.XQ,CHL,YR2016,
IC.BUS.EASE.XQ,CHL,YR2017,
IC.BUS.EASE.XQ,CHL,YR2018,
IC.BUS.EASE.XQ,CHL,YR2019,
IC.BUS.EASE.XQ,CHL,YR2020,59
IC.BUS.EASE.XQ,CHN,YR2011,
IC.BUS.EASE.XQ,CHN,YR2012,
IC.BUS.EASE.XQ,CHN,YR2013,
IC.BUS.EASE.XQ,CHN,YR2014,
IC.BUS.EASE.XQ,CHN,YR2015,
IC.BUS.EASE.XQ,CHN,YR2016,
IC.BUS.EASE.XQ,CHN,YR2017,
IC.BUS.EASE.XQ,CHN,YR2018,
IC.BUS.EASE.XQ,CHN,YR2019,
IC.BUS.EASE.XQ,CHN,YR2020,31
IC.BUS.EASE.XQ,COL,YR2011,
IC.BUS.EASE.XQ,COL,YR2012,
IC.BUS.EASE.XQ,COL,YR2013,
IC.BUS.EASE.XQ,COL,YR2014,
IC.BUS.EASE.XQ,COL,YR2015,
IC.BUS.EASE.XQ,COL,YR2016,
IC.BUS.EASE.XQ,COL,YR2017,
IC.BUS.EASE.XQ,COL,YR2018,
IC.BUS.EASE.XQ,COL,YR2019,
IC.BUS.EASE.XQ,COL,YR2020,67
IC.BUS.EASE.XQ,COM,YR2011,
IC.BUS.EASE.XQ,COM,YR2012,
IC.BUS.EASE.XQ,COM,YR2013,
IC.BUS.EASE.XQ,COM,YR2014,
IC.BUS.EASE.XQ,COM,YR2015,
IC.BUS.EASE.XQ,COM,YR2016,
IC.BUS.EASE.XQ,COM,YR2017,
IC.BUS.EASE.XQ,COM,YR2018,
IC.BUS.EASE.XQ,COM,YR2019,
IC.BUS.EASE.XQ,COM,YR2020,160
IC.BUS.EASE.XQ,COD,YR2011,
IC.BUS.EASE.XQ,COD,YR2012,
IC.BUS.EASE.XQ,COD,YR2013,
IC.BUS.EASE.XQ,COD,YR2014,
IC.BUS.EASE.XQ,COD,YR2015,
IC.BUS.EASE.XQ,COD,YR2016,
IC.BUS.EASE.XQ,COD,YR2017,
IC.BUS.EASE.XQ,COD,YR2018,
IC.BUS.EASE.XQ,COD,YR2019,
IC.BUS.EASE.XQ,COD,YR2020,183
IC.BUS.EASE.XQ,COG,YR2011,
IC.BUS.EASE.XQ,COG,YR2012,
IC.BUS.EASE.XQ,COG,YR2013,
IC.BUS.EASE.XQ,COG,YR2014,
IC.BUS.EASE.XQ,COG,YR2015,
IC.BUS.EASE.XQ,COG,YR2016,
IC.BUS.EASE.XQ,COG,YR2017,
IC.BUS.EASE.XQ,COG,YR2018,
IC.BUS.EASE.XQ,COG,YR2019,
IC.BUS.EASE.XQ,COG,YR2020,180
IC.BUS.EASE.XQ,CRI,YR2011,
IC.BUS.EASE.XQ,CRI,YR2012,
IC.BUS.EASE.XQ,CRI,YR2013,
IC.BUS.EASE.XQ,CRI,YR2014,
IC.BUS.EASE.XQ,CRI,YR2015,
IC.BUS.EASE.XQ,CRI,YR2016,
IC.BUS.EASE.XQ,CRI,YR2017,
IC.BUS.EASE.XQ,CRI,YR2018,
IC.BUS.EASE.XQ,CRI,YR2019,
IC.BUS.EASE.XQ,CRI,YR2020,74
IC.BUS.EASE.XQ,CIV,YR2011,
IC.BUS.EASE.XQ,CIV,YR2012,
IC.BUS.EASE.XQ,CIV,YR2013,
IC.BUS.EASE.XQ,CIV,YR2014,
IC.BUS.EASE.XQ,CIV,YR2015,
IC.BUS.EASE.XQ,CIV,YR2016,
IC.BUS.EASE.XQ,CIV,YR2017,
IC.BUS.EASE.XQ,CIV,YR2018,
IC.BUS.EASE.XQ,CIV,YR2019,
IC.BUS.EASE.XQ,CIV,YR2020,110
IC.BUS.EASE.XQ,HRV,YR2011,
IC.BUS.EASE.XQ,HRV,YR2012,
IC.BUS.EASE.XQ,HRV,YR2013,
IC.BUS.EASE.XQ,HRV,YR2014,
IC.BUS.EASE.XQ,HRV,YR2015,
IC.BUS.EASE.XQ,HRV,YR2016,
IC.BUS.EASE.XQ,HRV,YR2017,
IC.BUS.EASE.XQ,HRV,YR2018,
IC.BUS.EASE.XQ,HRV,YR2019,
IC.BUS.EASE.XQ,HRV,YR2020,51
IC.BUS.EASE.XQ,CYP,YR2011,
IC.BUS.EASE.XQ,CYP,YR2012,
IC.BUS.EASE.XQ,CYP,YR2013,
IC.BUS.EASE.XQ,CYP,YR2014,
IC.BUS.EASE.XQ,CYP,YR2015,
IC.BUS.EASE.XQ,CYP,YR2016,
IC.BUS.EASE.XQ,CYP,YR2017,
IC.BUS.EASE.XQ,CYP,YR2018,
IC.BUS.EASE.XQ,CYP,YR2019,
IC.BUS.EASE.XQ,CYP,YR2020,54
IC.BUS.EASE.XQ,CZE,YR2011,
IC.BUS.EASE.XQ,CZE,YR2012,
IC.BUS.EASE.XQ,CZE,YR2013,
IC.BUS.EASE.XQ,CZE,YR2014,
IC.BUS.EASE.XQ,CZE,YR2015,
IC.BUS.EASE.XQ,CZE,YR2016,
IC.BUS.EASE.XQ,CZE,YR2017,
IC.BUS.EASE.XQ,CZE,YR2018,
IC.BUS.EASE.XQ,CZE,YR2019,
IC.BUS.EASE.XQ,CZE,YR2020,41
IC.BUS.EASE.XQ,DNK,YR2011,
IC.BUS.EASE.XQ,DNK,YR2012,
IC.BUS.EASE.XQ,DNK,YR2013,
IC.BUS.EASE.XQ,DNK,YR2014,
IC.BUS.EASE.XQ,DNK,YR2015,
IC.BUS.EASE.XQ,DNK,YR2016,
IC.BUS.EASE.XQ,DNK,YR2017,
IC.BUS.EASE.XQ,DNK,YR2018,
IC.BUS.EASE.XQ,DNK,YR2019,
IC.BUS.EASE.XQ,DNK,YR2020,4
IC.BUS.EASE.XQ,DJI,YR2011,
IC.BUS.EASE.XQ,DJI,YR2012,
IC.BUS.EASE.XQ,DJI,YR2013,
IC.BUS.EASE.XQ,DJI,YR2014,
IC.BUS.EASE.XQ,DJI,YR2015,
IC.BUS.EASE.XQ,DJI,YR2016,
IC.BUS.EASE.XQ,DJI,YR2017,
IC.BUS.EASE.XQ,DJI,YR2018,
IC.BUS.EASE.XQ,DJI,YR2019,
IC.BUS.EASE.XQ,DJI,YR2020,112
IC.BUS.EASE.XQ,DMA,YR2011,
IC.BUS.EASE.XQ,DMA,YR2012,
IC.BUS.EASE.XQ,DMA,YR2013,
IC.BUS.EASE.XQ,DMA,YR2014,
IC.BUS.EASE.XQ,DMA,YR2015,
IC.BUS.EASE.XQ,DMA,YR2016,
IC.BUS.EASE.XQ,DMA,YR2017,
IC.BUS.EASE.XQ,DMA,YR2018,
IC.BUS.EASE.XQ,DMA,YR2019,
IC.BUS.EASE.XQ,DMA,YR2020,111
IC.BUS.EASE.XQ,DOM,YR2011,
IC.BUS.EASE.XQ,DOM,YR2012,
IC.BUS.EASE.XQ,DOM,YR2013,
IC.BUS.EASE.XQ,DOM,YR2014,
IC.BUS.EASE.XQ,DOM,YR2015,
IC.BUS.EASE.XQ,DOM,YR2016,
IC.BUS.EASE.XQ,DOM,YR2017,
IC.BUS.EASE.XQ,DOM,YR2018,
IC.BUS.EASE.XQ,DOM,YR2019,
IC.BUS.EASE.XQ,DOM,YR2020,115
IC.BUS.EASE.XQ,ECU,YR2011,
IC.BUS.EASE.XQ,ECU,YR2012,
IC.BUS.EASE.XQ,ECU,YR2013,
IC.BUS.EASE.XQ,ECU,YR2014,
IC.BUS.EASE.XQ,ECU,YR2015,
IC.BUS.EASE.XQ,ECU,YR2016,
IC.BUS.EASE.XQ,ECU,YR2017,
IC.BUS.EASE.XQ,ECU,YR2018,
IC.BUS.EASE.XQ,ECU,YR2019,
IC.BUS.EASE.XQ,ECU,YR2020,129
IC.BUS.EASE.XQ,EGY,YR2011,
IC.BUS.EASE.XQ,EGY,YR2012,
IC.BUS.EASE.XQ,EGY,YR2013,
IC.BUS.EASE.XQ,EGY,YR2014,
IC.BUS.EASE.XQ,EGY,YR2015,
IC.BUS.EASE.XQ,EGY,YR2016,
IC.BUS.EASE.XQ,EGY,YR2017,
IC.BUS.EASE.XQ,EGY,YR2018,
IC.BUS.EASE.XQ,EGY,YR2019,
IC.BUS.EASE.XQ,EGY,YR2020,114
IC.BUS.EASE.XQ,SLV,YR2011,
IC.BUS.EASE.XQ,SLV,YR2012,
IC.BUS.EASE.XQ,SLV,YR2013,
IC.BUS.EASE.XQ,SLV,YR2014,
IC.BUS.EASE.XQ,SLV,YR2015,
IC.BUS.EASE.XQ,SLV,YR2016,
IC.BUS.EASE.XQ,SLV,YR2017,
IC.BUS.EASE.XQ,SLV,YR2018,
IC.BUS.EASE.XQ,SLV,YR2019,
IC.BUS.EASE.XQ,SLV,YR2020,91
IC.BUS.EASE.XQ,GNQ,YR2011,
IC.BUS.EASE.XQ,GNQ,YR2012,
IC.BUS.EASE.XQ,GNQ,YR2013,
IC.BUS.EASE.XQ,GNQ,YR2014,
IC.BUS.EASE.XQ,GNQ,YR2015,
IC.BUS.EASE.XQ,GNQ,YR2016,
IC.BUS.EASE.XQ,GNQ,YR2017,
IC.BUS.EASE.XQ,GNQ,YR2018,
IC.BUS.EASE.XQ,GNQ,YR2019,
IC.BUS.EASE.XQ,GNQ,YR2020,178
IC.BUS.EASE.XQ,ERI,YR2011,
IC.BUS.EASE.XQ,ERI,YR2012,
IC.BUS.EASE.XQ,ERI,YR2013,
IC.BUS.EASE.XQ,ERI,YR2014,
IC.BUS.EASE.XQ,ERI,YR2015,
IC.BUS.EASE.XQ,ERI,YR2016,
IC.BUS.EASE.XQ,ERI,YR2017,
IC.BUS.EASE.XQ,ERI,YR2018,
IC.BUS.EASE.XQ,ERI,YR2019,
IC.BUS.EASE.XQ,ERI,YR2020,189
IC.BUS.EASE.XQ,EST,YR2011,
IC.BUS.EASE.XQ,EST,YR2012,
IC.BUS.EASE.XQ,EST,YR2013,
IC.BUS.EASE.XQ,EST,YR2014,
IC.BUS.EASE.XQ,EST,YR2015,
IC.BUS.EASE.XQ,EST,YR2016,
IC.BUS.EASE.XQ,EST,YR2017,
IC.BUS.EASE.XQ,EST,YR2018,
IC.BUS.EASE.XQ,EST,YR2019,
IC.BUS.EASE.XQ,EST,YR2020,18
IC.BUS.EASE.XQ,SWZ,YR2011,
IC.BUS.EASE.XQ,SWZ,YR2012,
IC.BUS.EASE.XQ,SWZ,YR2013,
IC.BUS.EASE.XQ,SWZ,YR2014,
IC.BUS.EASE.XQ,SWZ,YR2015,
IC.BUS.EASE.XQ,SWZ,YR2016,
IC.BUS.EASE.XQ,SWZ,YR2017,
IC.BUS.EASE.XQ,SWZ,YR2018,
IC.BUS.EASE.XQ,SWZ,YR2019,
IC.BUS.EASE.XQ,SWZ,YR2020,121
IC.BUS.EASE.XQ,ETH,YR2011,
IC.BUS.EASE.XQ,ETH,YR2012,
IC.BUS.EASE.XQ,ETH,YR2013,
IC.BUS.EASE.XQ,ETH,YR2014,
IC.BUS.EASE.XQ,ETH,YR2015,
IC.BUS.EASE.XQ,ETH,YR2016,
IC.BUS.EASE.XQ,ETH,YR2017,
IC.BUS.EASE.XQ,ETH,YR2018,
IC.BUS.EASE.XQ,ETH,YR2019,
IC.BUS.EASE.XQ,ETH,YR2020,159
IC.BUS.EASE.XQ,FJI,YR2011,
IC.BUS.EASE.XQ,FJI,YR2012,
IC.BUS.EASE.XQ,FJI,YR2013,
IC.BUS.EASE.XQ,FJI,YR2014,
IC.BUS.EASE.XQ,FJI,YR2015,
IC.BUS.EASE.XQ,FJI,YR2016,
IC.BUS.EASE.XQ,FJI,YR2017,
IC.BUS.EASE.XQ,FJI,YR2018,
IC.BUS.EASE.XQ,FJI,YR2019,
IC.BUS.EASE.XQ,FJI,YR2020,102
IC.BUS.EASE.XQ,FIN,YR2011,
IC.BUS.EASE.XQ,FIN,YR2012,
IC.BUS.EASE.XQ,FIN,YR2013,
IC.BUS.EASE.XQ,FIN,YR2014,
IC.BUS.EASE.XQ,FIN,YR2015,
IC.BUS.EASE.XQ,FIN,YR2016,
IC.BUS.EASE.XQ,FIN,YR2017,
IC.BUS.EASE.XQ,FIN,YR2018,
IC.BUS.EASE.XQ,FIN,YR2019,
IC.BUS.EASE.XQ,FIN,YR2020,20
IC.BUS.EASE.XQ,FRA,YR2011,
IC.BUS.EASE.XQ,FRA,YR2012,
IC.BUS.EASE.XQ,FRA,YR2013,
IC.BUS.EASE.XQ,FRA,YR2014,
IC.BUS.EASE.XQ,FRA,YR2015,
IC.BUS.EASE.XQ,FRA,YR2016,
IC.BUS.EASE.XQ,FRA,YR2017,
IC.BUS.EASE.XQ,FRA,YR2018,
IC.BUS.EASE.XQ,FRA,YR2019,
IC.BUS.EASE.XQ,FRA,YR2020,32
IC.BUS.EASE.XQ,GAB,YR2011,
IC.BUS.EASE.XQ,GAB,YR2012,
IC.BUS.EASE.XQ,GAB,YR2013,
IC.BUS.EASE.XQ,GAB,YR2014,
IC.BUS.EASE.XQ,GAB,YR2015,
IC.BUS.EASE.XQ,GAB,YR2016,
IC.BUS.EASE.XQ,GAB,YR2017,
IC.BUS.EASE.XQ,GAB,YR2018,
IC.BUS.EASE.XQ,GAB,YR2019,
IC.BUS.EASE.XQ,GAB,YR2020,169
IC.BUS.EASE.XQ,GMB,YR2011,
IC.BUS.EASE.XQ,GMB,YR2012,
IC.BUS.EASE.XQ,GMB,YR2013,
IC.BUS.EASE.XQ,GMB,YR2014,
IC.BUS.EASE.XQ,GMB,YR2015,
IC.BUS.EASE.XQ,GMB,YR2016,
IC.BUS.EASE.XQ,GMB,YR2017,
IC.BUS.EASE.XQ,GMB,YR2018,
IC.BUS.EASE.XQ,GMB,YR2019,
IC.BUS.EASE.XQ,GMB,YR2020,155
IC.BUS.EASE.XQ,GEO,YR2011,
IC.BUS.EASE.XQ,GEO,YR2012,
IC.BUS.EASE.XQ,GEO,YR2013,
IC.BUS.EASE.XQ,GEO,YR2014,
IC.BUS.EASE.XQ,GEO,YR2015,
IC.BUS.EASE.XQ,GEO,YR2016,
IC.BUS.EASE.XQ,GEO,YR2017,
IC.BUS.EASE.XQ,GEO,YR2018,
IC.BUS.EASE.XQ,GEO,YR2019,
IC.BUS.EASE.XQ,GEO,YR2020,7
IC.BUS.EASE.XQ,DEU,YR2011,
IC.BUS.EASE.XQ,DEU,YR2012,
IC.BUS.EASE.XQ,DEU,YR2013,
IC.BUS.EASE.XQ,DEU,YR2014,
IC.BUS.EASE.XQ,DEU,YR2015,
IC.BUS.EASE.XQ,DEU,YR2016,
IC.BUS.EASE.XQ,DEU,YR2017,
IC.BUS.EASE.XQ,DEU,YR2018,
IC.BUS.EASE.XQ,DEU,YR2019,
IC.BUS.EASE.XQ,DEU,YR2020,22
IC.BUS.EASE.XQ,GHA,YR2011,
IC.BUS.EASE.XQ,GHA,YR2012,
IC.BUS.EASE.XQ,GHA,YR2013,
IC.BUS.EASE.XQ,GHA,YR2014,
IC.BUS.EASE.XQ,GHA,YR2015,
IC.BUS.EASE.XQ,GHA,YR2016,
IC.BUS.EASE.XQ,GHA,YR2017,
IC.BUS.EASE.XQ,GHA,YR2018,
IC.BUS.EASE.XQ,GHA,YR2019,
IC.BUS.EASE.XQ,GHA,YR2020,118
IC.BUS.EASE.XQ,GRC,YR2011,
IC.BUS.EASE.XQ,GRC,YR2012,
IC.BUS.EASE.XQ,GRC,YR2013,
IC.BUS.EASE.XQ,GRC,YR2014,
IC.BUS.EASE.XQ,GRC,YR2015,
IC.BUS.EASE.XQ,GRC,YR2016,
IC.BUS.EASE.XQ,GRC,YR2017,
IC.BUS.EASE.XQ,GRC,YR2018,
IC.BUS.EASE.XQ,GRC,YR2019,
IC.BUS.EASE.XQ,GRC,YR2020,79
IC.BUS.EASE.XQ,GRD,YR2011,
IC.BUS.EASE.XQ,GRD,YR2012,
IC.BUS.EASE.XQ,GRD,YR2013,
IC.BUS.EASE.XQ,GRD,YR2014,
IC.BUS.EASE.XQ,GRD,YR2015,
IC.BUS.EASE.XQ,GRD,YR2016,
IC.BUS.EASE.XQ,GRD,YR2017,
IC.BUS.EASE.XQ,GRD,YR2018,
IC.BUS.EASE.XQ,GRD,YR2019,
IC.BUS.EASE.XQ,GRD,YR2020,146
IC.BUS.EASE.XQ,GTM,YR2011,
IC.BUS.EASE.XQ,GTM,YR2012,
IC.BUS.EASE.XQ,GTM,YR2013,
IC.BUS.EASE.XQ,GTM,YR2014,
IC.BUS.EASE.XQ,GTM,YR2015,
IC.BUS.EASE.XQ,GTM,YR2016,
IC.BUS.EASE.XQ,GTM,YR2017,
IC.BUS.EASE.XQ,GTM,YR2018,
IC.BUS.EASE.XQ,GTM,YR2019,
IC.BUS.EASE.XQ,GTM,YR2020,96
IC.BUS.EASE.XQ,GIN,YR2011,
IC.BUS.EASE.XQ,GIN,YR2012,
IC.BUS.EASE.XQ,GIN,YR2013,
IC.BUS.EASE.XQ,GIN,YR2014,
IC.BUS.EASE.XQ,GIN,YR2015,
IC.BUS.EASE.XQ,GIN,YR2016,
IC.BUS.EASE.XQ,GIN,YR2017,
IC.BUS.EASE.XQ,GIN,YR2018,
IC.BUS.EASE.XQ,GIN,YR2019,
IC.BUS.EASE.XQ,GIN,YR2020,156
IC.BUS.EASE.XQ,GNB,YR2011,
IC.BUS.EASE.XQ,GNB,YR2012,
IC.BUS.EASE.XQ,GNB,YR2013,
IC.BUS.EASE.XQ,GNB,YR2014,
IC.BUS.EASE.XQ,GNB,YR2015,
IC.BUS.EASE.XQ,GNB,YR2016,
IC.BUS.EASE.XQ,GNB,YR2017,
IC.BUS.EASE.XQ,GNB,YR2018,
IC.BUS.EASE.XQ,GNB,YR2019,
IC.BUS.EASE.XQ,GNB,YR2020,174
IC.BUS.EASE.XQ,GUY,YR2011,
IC.BUS.EASE.XQ,GUY,YR2012,
IC.BUS.EASE.XQ,GUY,YR2013,
IC.BUS.EASE.XQ,GUY,YR2014,
IC.BUS.EASE.XQ,GUY,YR2015,
IC.BUS.EASE.XQ,GUY,YR2016,
IC.BUS.EASE.XQ,GUY,YR2017,
IC.BUS.EASE.XQ,GUY,YR2018,
IC.BUS.EASE.XQ,GUY,YR2019,
IC.BUS.EASE.XQ,GUY,YR2020,134
IC.BUS.EASE.XQ,HTI,YR2011,
IC.BUS.EASE.XQ,HTI,YR2012,
IC.BUS.EASE.XQ,HTI,YR2013,
IC.BUS.EASE.XQ,HTI,YR2014,
IC.BUS.EASE.XQ,HTI,YR2015,
IC.BUS.EASE.XQ,HTI,YR2016,
IC.BUS.EASE.XQ,HTI,YR2017,
IC.BUS.EASE.XQ,HTI,YR2018,
IC.BUS.EASE.XQ,HTI,YR2019,
IC.BUS.EASE.XQ,HTI,YR2020,179
IC.BUS.EASE.XQ,HND,YR2011,
IC.BUS.EASE.XQ,HND,YR2012,
IC.BUS.EASE.XQ,HND,YR2013,
IC.BUS.EASE.XQ,HND,YR2014,
IC.BUS.EASE.XQ,HND,YR2015,
IC.BUS.EASE.XQ,HND,YR2016,
IC.BUS.EASE.XQ,HND,YR2017,
IC.BUS.EASE.XQ,HND,YR2018,
IC.BUS.EASE.XQ,HND,YR2019,
IC.BUS.EASE.XQ,HND,YR2020,133
IC.BUS.EASE.XQ,HKG,YR2011,
IC.BUS.EASE.XQ,HKG,YR2012,
IC.BUS.EASE.XQ,HKG,YR2013,
IC.BUS.EASE.XQ,HKG,YR2014,
IC.BUS.EASE.XQ,HKG,YR2015,
IC.BUS.EASE.XQ,HKG,YR2016,
IC.BUS.EASE.XQ,HKG,YR2017,
IC.BUS.EASE.XQ,HKG,YR2018,
IC.BUS.EASE.XQ,HKG,YR2019,
IC.BUS.EASE.XQ,HKG,YR2020,3
IC.BUS.EASE.XQ,HUN,YR2011,
IC.BUS.EASE.XQ,HUN,YR2012,
IC.BUS.EASE.XQ,HUN,YR2013,
IC.BUS.EASE.XQ,HUN,YR2014,
IC.BUS.EASE.XQ,HUN,YR2015,
IC.BUS.EASE.XQ,HUN,YR2016,
IC.BUS.EASE.XQ,HUN,YR2017,
IC.BUS.EASE.XQ,HUN,YR2018,
IC.BUS.EASE.XQ,HUN,YR2019,
IC.BUS.EASE.XQ,HUN,YR2020,52
IC.BUS.EASE.XQ,ISL,YR2011,
IC.BUS.EASE.XQ,ISL,YR2012,
IC.BUS.EASE.XQ,ISL,YR2013,
IC.BUS.EASE.XQ,ISL,YR2014,
IC.BUS.EASE.XQ,ISL,YR2015,
IC.BUS.EASE.XQ,ISL,YR2016,
IC.BUS.EASE.XQ,ISL,YR2017,
IC.BUS.EASE.XQ,ISL,YR2018,
IC.BUS.EASE.XQ,ISL,YR2019,
IC.BUS.EASE.XQ,ISL,YR2020,26
IC.BUS.EASE.XQ,IND,YR2011,
IC.BUS.EASE.XQ,IND,YR2012,
IC.BUS.EASE.XQ,IND,YR2013,
IC.BUS.EASE.XQ,IND,YR2014,
IC.BUS.EASE.XQ,IND,YR2015,
IC.BUS.EASE.XQ,IND,YR2016,
IC.BUS.EASE.XQ,IND,YR2017,
IC.BUS.EASE.XQ,IND,YR2018,
IC.BUS.EASE.XQ,IND,YR2019,
IC.BUS.EASE.XQ,IND,YR2020,63
IC.BUS.EASE.XQ,IDN,YR2011,
IC.BUS.EASE.XQ,IDN,YR2012,
IC.BUS.EASE.XQ,IDN,YR2013,
IC.BUS.EASE.XQ,IDN,YR2014,
IC.BUS.EASE.XQ,IDN,YR2015,
IC.BUS.EASE.XQ,IDN,YR2016,
IC.BUS.EASE.XQ,IDN,YR2017,
IC.BUS.EASE.XQ,IDN,YR2018,
IC.BUS.EASE.XQ,IDN,YR2019,
IC.BUS.EASE.XQ,IDN,YR2020,73
IC.BUS.EASE.XQ,IRN,YR2011,
IC.BUS.EASE.XQ,IRN,YR2012,
IC.BUS.EASE.XQ,IRN,YR2013,
IC.BUS.EASE.XQ,IRN,YR2014,
IC.BUS.EASE.XQ,IRN,YR2015,
IC.BUS.EASE.XQ,IRN,YR2016,
IC.BUS.EASE.XQ,IRN,YR2017,
IC.BUS.EASE.XQ,IRN,YR2018,
IC.BUS.EASE.XQ,IRN,YR2019,
IC.BUS.EASE.XQ,IRN,YR2020,127
IC.BUS.EASE.XQ,IRQ,YR2011,
IC.BUS.EASE.XQ,IRQ,YR2012,
IC.BUS.EASE.XQ,IRQ,YR2013,
IC.BUS.EASE.XQ,IRQ,YR2014,
IC.BUS.EASE.XQ,IRQ,YR2015,
IC.BUS.EASE.XQ,IRQ,YR2016,
IC.BUS.EASE.XQ,IRQ,YR2017,
IC.BUS.EASE.XQ,IRQ,YR2018,
IC.BUS.EASE.XQ,IRQ,YR2019,
IC.BUS.EASE.XQ,IRQ,YR2020,172
IC.BUS.EASE.XQ,IRL,YR2011,
IC.BUS.EASE.XQ,IRL,YR2012,
IC.BUS.EASE.XQ,IRL,YR2013,
IC.BUS.EASE.XQ,IRL,YR2014,
IC.BUS.EASE.XQ,IRL,YR2015,
IC.BUS.EASE.XQ,IRL,YR2016,
IC.BUS.EASE.XQ,IRL,YR2017,
IC.BUS.EASE.XQ,IRL,YR2018,
IC.BUS.EASE.XQ,IRL,YR2019,
IC.BUS.EASE.XQ,IRL,YR2020,24
IC.BUS.EASE.XQ,ISR,YR2011,
IC.BUS.EASE.XQ,ISR,YR2012,
IC.BUS.EASE.XQ,ISR,YR2013,
IC.BUS.EASE.XQ,ISR,YR2014,
IC.BUS.EASE.XQ,ISR,YR2015,
IC.BUS.EASE.XQ,ISR,YR2016,
IC.BUS.EASE.XQ,ISR,YR2017,
IC.BUS.EASE.XQ,ISR,YR2018,
IC.BUS.EASE.XQ,ISR,YR2019,
IC.BUS.EASE.XQ,ISR,YR2020,35
IC.BUS.EASE.XQ,ITA,YR2011,
IC.BUS.EASE.XQ,ITA,YR2012,
IC.BUS.EASE.XQ,ITA,YR2013,
IC.BUS.EASE.XQ,ITA,YR2014,
IC.BUS.EASE.XQ,ITA,YR2015,
IC.BUS.EASE.XQ,ITA,YR2016,
IC.BUS.EASE.XQ,ITA,YR2017,
IC.BUS.EASE.XQ,ITA,YR2018,
IC.BUS.EASE.XQ,ITA,YR2019,
IC.BUS.EASE.XQ,ITA,YR2020,58
IC.BUS.EASE.XQ,JAM,YR2011,
IC.BUS.EASE.XQ,JAM,YR2012,
IC.BUS.EASE.XQ,JAM,YR2013,
IC.BUS.EASE.XQ,JAM,YR2014,
IC.BUS.EASE.XQ,JAM,YR2015,
IC.BUS.EASE.XQ,JAM,YR2016,
IC.BUS.EASE.XQ,JAM,YR2017,
IC.BUS.EASE.XQ,JAM,YR2018,
IC.BUS.EASE.XQ,JAM,YR2019,
IC.BUS.EASE.XQ,JAM,YR2020,71
IC.BUS.EASE.XQ,JPN,YR2011,
IC.BUS.EASE.XQ,JPN,YR2012,
IC.BUS.EASE.XQ,JPN,YR2013,
IC.BUS.EASE.XQ,JPN,YR2014,
IC.BUS.EASE.XQ,JPN,YR2015,
IC.BUS.EASE.XQ,JPN,YR2016,
IC.BUS.EASE.XQ,JPN,YR2017,
IC.BUS.EASE.XQ,JPN,YR2018,
IC.BUS.EASE.XQ,JPN,YR2019,
IC.BUS.EASE.XQ,JPN,YR2020,29
IC.BUS.EASE.XQ,JOR,YR2011,
IC.BUS.EASE.XQ,JOR,YR2012,
IC.BUS.EASE.XQ,JOR,YR2013,
IC.BUS.EASE.XQ,JOR,YR2014,
IC.BUS.EASE.XQ,JOR,YR2015,
IC.BUS.EASE.XQ,JOR,YR2016,
IC.BUS.EASE.XQ,JOR,YR2017,
IC.BUS.EASE.XQ,JOR,YR2018,
IC.BUS.EASE.XQ,JOR,YR2019,
IC.BUS.EASE.XQ,JOR,YR2020,75
IC.BUS.EASE.XQ,KAZ,YR2011,
IC.BUS.EASE.XQ,KAZ,YR2012,
IC.BUS.EASE.XQ,KAZ,YR2013,
IC.BUS.EASE.XQ,KAZ,YR2014,
IC.BUS.EASE.XQ,KAZ,YR2015,
IC.BUS.EASE.XQ,KAZ,YR2016,
IC.BUS.EASE.XQ,KAZ,YR2017,
IC.BUS.EASE.XQ,KAZ,YR2018,
IC.BUS.EASE.XQ,KAZ,YR2019,
IC.BUS.EASE.XQ,KAZ,YR2020,25
IC.BUS.EASE.XQ,KEN,YR2011,
IC.BUS.EASE.XQ,KEN,YR2012,
IC.BUS.EASE.XQ,KEN,YR2013,
IC.BUS.EASE.XQ,KEN,YR2014,
IC.BUS.EASE.XQ,KEN,YR2015,
IC.BUS.EASE.XQ,KEN,YR2016,
IC.BUS.EASE.XQ,KEN,YR2017,
IC.BUS.EASE.XQ,KEN,YR2018,
IC.BUS.EASE.XQ,KEN,YR2019,
IC.BUS.EASE.XQ,KEN,YR2020,56
IC.BUS.EASE.XQ,KIR,YR2011,
IC.BUS.EASE.XQ,KIR,YR2012,
IC.BUS.EASE.XQ,KIR,YR2013,
IC.BUS.EASE.XQ,KIR,YR2014,
IC.BUS.EASE.XQ,KIR,YR2015,
IC.BUS.EASE.XQ,KIR,YR2016,
IC.BUS.EASE.XQ,KIR,YR2017,
IC.BUS.EASE.XQ,KIR,YR2018,
IC.BUS.EASE.XQ,KIR,YR2019,
IC.BUS.EASE.XQ,KIR,YR2020,164
IC.BUS.EASE.XQ,KOR,YR2011,
IC.BUS.EASE.XQ,KOR,YR2012,
IC.BUS.EASE.XQ,KOR,YR2013,
IC.BUS.EASE.XQ,KOR,YR2014,
IC.BUS.EASE.XQ,KOR,YR2015,
IC.BUS.EASE.XQ,KOR,YR2016,
IC.BUS.EASE.XQ,KOR,YR2017,
IC.BUS.EASE.XQ,KOR,YR2018,
IC.BUS.EASE.XQ,KOR,YR2019,
IC.BUS.EASE.XQ,KOR,YR2020,5
IC.BUS.EASE.XQ,XKX,YR2011,
IC.BUS.EASE.XQ,XKX,YR2012,
IC.BUS.EASE.XQ,XKX,YR2013,
IC.BUS.EASE.XQ,XKX,YR2014,
IC.BUS.EASE.XQ,XKX,YR2015,
IC.BUS.EASE.XQ,XKX,YR2016,
IC.BUS.EASE.XQ,XKX,YR2017,
IC.BUS.EASE.XQ,XKX,YR2018,
IC.BUS.EASE.XQ,XKX,YR2019,
IC.BUS.EASE.XQ,XKX,YR2020,57
IC.BUS.EASE.XQ,KWT,YR2011,
IC.BUS.EASE.XQ,KWT,YR2012,
IC.BUS.EASE.XQ,KWT,YR2013,
IC.BUS.EASE.XQ,KWT,YR2014,
IC.BUS.EASE.XQ,KWT,YR2015,
IC.BUS.EASE.XQ,KWT,YR2016,
IC.BUS.EASE.XQ,KWT,YR2017,
IC.BUS.EASE.XQ,KWT,YR2018,
IC.BUS.EASE.XQ,KWT,YR2019,
IC.BUS.EASE.XQ,KWT,YR2020,83
IC.BUS.EASE.XQ,KGZ,YR2011,
IC.BUS.EASE.XQ,KGZ,YR2012,
IC.BUS.EASE.XQ,KGZ,YR2013,
IC.BUS.EASE.XQ,KGZ,YR2014,
IC.BUS.EASE.XQ,KGZ,YR2015,
IC.BUS.EASE.XQ,KGZ,YR2016,
IC.BUS.EASE.XQ,KGZ,YR2017,
IC.BUS.EASE.XQ,KGZ,YR2018,
IC.BUS.EASE.XQ,KGZ,YR2019,
IC.BUS.EASE.XQ,KGZ,YR2020,80
IC.BUS.EASE.XQ,LAO,YR2011,
IC.BUS.EASE.XQ,LAO,YR2012,
IC.BUS.EASE.XQ,LAO,YR2013,
IC.BUS.EASE.XQ,LAO,YR2014,
IC.BUS.EASE.XQ,LAO,YR2015,
IC.BUS.EASE.XQ,LAO,YR2016,
IC.BUS.EASE.XQ,LAO,YR2017,
IC.BUS.EASE.XQ,LAO,YR2018,
IC.BUS.EASE.XQ,LAO,YR2019,
IC.BUS.EASE.XQ,LAO,YR2020,154
IC.BUS.EASE.XQ,LVA,YR2011,
IC.BUS.EASE.XQ,LVA,YR2012,
IC.BUS.EASE.XQ,LVA,YR2013,
IC.BUS.EASE.XQ,LVA,YR2014,
IC.BUS.EASE.XQ,LVA,YR2015,
IC.BUS.EASE.XQ,LVA,YR2016,
IC.BUS.EASE.XQ,LVA,YR2017,
IC.BUS.EASE.XQ,LVA,YR2018,
IC.BUS.EASE.XQ,LVA,YR2019,
IC.BUS.EASE.XQ,LVA,YR2020,19
IC.BUS.EASE.XQ,LBN,YR2011,
IC.BUS.EASE.XQ,LBN,YR2012,
IC.BUS.EASE.XQ,LBN,YR2013,
IC.BUS.EASE.XQ,LBN,YR2014,
IC.BUS.EASE.XQ,LBN,YR2015,
IC.BUS.EASE.XQ,LBN,YR2016,
IC.BUS.EASE.XQ,LBN,YR2017,
IC.BUS.EASE.XQ,LBN,YR2018,
IC.BUS.EASE.XQ,LBN,YR2019,
IC.BUS.EASE.XQ,LBN,YR2020,143
IC.BUS.EASE.XQ,LSO,YR2011,
IC.BUS.EASE.XQ,LSO,YR2012,
IC.BUS.EASE.XQ,LSO,YR2013,
IC.BUS.EASE.XQ,LSO,YR2014,
IC.BUS.EASE.XQ,LSO,YR2015,
IC.BUS.EASE.XQ,LSO,YR2016,
IC.BUS.EASE.XQ,LSO,YR2017,
IC.BUS.EASE.XQ,LSO,YR2018,
IC.BUS.EASE.XQ,LSO,YR2019,
IC.BUS.EASE.XQ,LSO,YR2020,122
IC.BUS.EASE.XQ,LBR,YR2011,
IC.BUS.EASE.XQ,LBR,YR2012,
IC.BUS.EASE.XQ,LBR,YR2013,
IC.BUS.EASE.XQ,LBR,YR2014,
IC.BUS.EASE.XQ,LBR,YR2015,
IC.BUS.EASE.XQ,LBR,YR2016,
IC.BUS.EASE.XQ,LBR,YR2017,
IC.BUS.EASE.XQ,LBR,YR2018,
IC.BUS.EASE.XQ,LBR,YR2019,
IC.BUS.EASE.XQ,LBR,YR2020,175
IC.BUS.EASE.XQ,LBY,YR2011,
IC.BUS.EASE.XQ,LBY,YR2012,
IC.BUS.EASE.XQ,LBY,YR2013,
IC.BUS.EASE.XQ,LBY,YR2014,
IC.BUS.EASE.XQ,LBY,YR2015,
IC.BUS.EASE.XQ,LBY,YR2016,
IC.BUS.EASE.XQ,LBY,YR2017,
IC.BUS.EASE.XQ,LBY,YR2018,
IC.BUS.EASE.XQ,LBY,YR2019,
IC.BUS.EASE.XQ,LBY,YR2020,186
IC.BUS.EASE.XQ,LIE,YR2011,
IC.BUS.EASE.XQ,LIE,YR2012,
IC.BUS.EASE.XQ,LIE,YR2013,
IC.BUS.EASE.XQ,LIE,YR2014,
IC.BUS.EASE.XQ,LIE,YR2015,
IC.BUS.EASE.XQ,LIE,YR2016,
IC.BUS.EASE.XQ,LIE,YR2017,
IC.BUS.EASE.XQ,LIE,YR2018,
IC.BUS.EASE.XQ,LIE,YR2019,
IC.BUS.EASE.XQ,LIE,YR2020,
IC.BUS.EASE.XQ,LTU,YR2011,
IC.BUS.EASE.XQ,LTU,YR2012,
IC.BUS.EASE.XQ,LTU,YR2013,
IC.BUS.EASE.XQ,LTU,YR2014,
IC.BUS.EASE.XQ,LTU,YR2015,
IC.BUS.EASE.XQ,LTU,YR2016,
IC.BUS.EASE.XQ,LTU,YR2017,
IC.BUS.EASE.XQ,LTU,YR2018,
IC.BUS.EASE.XQ,LTU,YR2019,
IC.BUS.EASE.XQ,LTU,YR2020,11
IC.BUS.EASE.XQ,LUX,YR2011,
IC.BUS.EASE.XQ,LUX,YR2012,
IC.BUS.EASE.XQ,LUX,YR2013,
IC.BUS.EASE.XQ,LUX,YR2014,
IC.BUS.EASE.XQ,LUX,YR2015,
IC.BUS.EASE.XQ,LUX,YR2016,
IC.BUS.EASE.XQ,LUX,YR2017,
IC.BUS.EASE.XQ,LUX,YR2018,
IC.BUS.EASE.XQ,LUX,YR2019,
IC.BUS.EASE.XQ,LUX,YR2020,72
IC.BUS.EASE.XQ,MDG,YR2011,
IC.BUS.EASE.XQ,MDG,YR2012,
IC.BUS.EASE.XQ,MDG,YR2013,
IC.BUS.EASE.XQ,MDG,YR2014,
IC.BUS.EASE.XQ,MDG,YR2015,
IC.BUS.EASE.XQ,MDG,YR2016,
IC.BUS.EASE.XQ,MDG,YR2017,
IC.BUS.EASE.XQ,MDG,YR2018,
IC.BUS.EASE.XQ,MDG,YR2019,
IC.BUS.EASE.XQ,MDG,YR2020,161
IC.BUS.EASE.XQ,MWI,YR2011,
IC.BUS.EASE.XQ,MWI,YR2012,
IC.BUS.EASE.XQ,MWI,YR2013,
IC.BUS.EASE.XQ,MWI,YR2014,
IC.BUS.EASE.XQ,MWI,YR2015,
IC.BUS.EASE.XQ,MWI,YR2016,
IC.BUS.EASE.XQ,MWI,YR2017,
IC.BUS.EASE.XQ,MWI,YR2018,
IC.BUS.EASE.XQ,MWI,YR2019,
IC.BUS.EASE.XQ,MWI,YR2020,109
IC.BUS.EASE.XQ,MYS,YR2011,
IC.BUS.EASE.XQ,MYS,YR2012,
IC.BUS.EASE.XQ,MYS,YR2013,
IC.BUS.EASE.XQ,MYS,YR2014,
IC.BUS.EASE.XQ,MYS,YR2015,
IC.BUS.EASE.XQ,MYS,YR2016,
IC.BUS.EASE.XQ,MYS,YR2017,
IC.BUS.EASE.XQ,MYS,YR2018,
IC.BUS.EASE.XQ,MYS,YR2019,
IC.BUS.EASE.XQ,MYS,YR2020,12
IC.BUS.EASE.XQ,MDV,YR2011,
IC.BUS.EASE.XQ,MDV,YR2012,
IC.BUS.EASE.XQ,MDV,YR2013,
IC.BUS.EASE.XQ,MDV,YR2014,
IC.BUS.EASE.XQ,MDV,YR2015,
IC.BUS.EASE.XQ,MDV,YR2016,
IC.BUS.EASE.XQ,MDV,YR2017,
IC.BUS.EASE.XQ,MDV,YR2018,
IC.BUS.EASE.XQ,MDV,YR2019,
IC.BUS.EASE.XQ,MDV,YR2020,147
IC.BUS.EASE.XQ,MLI,YR2011,
IC.BUS.EASE.XQ,MLI,YR2012,
IC.BUS.EASE.XQ,MLI,YR2013,
IC.BUS.EASE.XQ,MLI,YR2014,
IC.BUS.EASE.XQ,MLI,YR2015,
IC.BUS.EASE.XQ,MLI,YR2016,
IC.BUS.EASE.XQ,MLI,YR2017,
IC.BUS.EASE.XQ,MLI,YR2018,
IC.BUS.EASE.XQ,MLI,YR2019,
IC.BUS.EASE.XQ,MLI,YR2020,148
IC.BUS.EASE.XQ,MLT,YR2011,
IC.BUS.EASE.XQ,MLT,YR2012,
IC.BUS.EASE.XQ,MLT,YR2013,
IC.BUS.EASE.XQ,MLT,YR2014,
IC.BUS.EASE.XQ,MLT,YR2015,
IC.BUS.EASE.XQ,MLT,YR2016,
IC.BUS.EASE.XQ,MLT,YR2017,
IC.BUS.EASE.XQ,MLT,YR2018,
IC.BUS.EASE.XQ,MLT,YR2019,
IC.BUS.EASE.XQ,MLT,YR2020,88
IC.BUS.EASE.XQ,MHL,YR2011,
IC.BUS.EASE.XQ,MHL,YR2012,
IC.BUS.EASE.XQ,MHL,YR2013,
IC.BUS.EASE.XQ,MHL,YR2014,
IC.BUS.EASE.XQ,MHL,YR2015,
IC.BUS.EASE.XQ,MHL,YR2016,
IC.BUS.EASE.XQ,MHL,YR2017,
IC.BUS.EASE.XQ,MHL,YR2018,
IC.BUS.EASE.XQ,MHL,YR2019,
IC.BUS.EASE.XQ,MHL,YR2020,153
IC.BUS.EASE.XQ,MRT,YR2011,
IC.BUS.EASE.XQ,MRT,YR2012,
IC.BUS.EASE.XQ,MRT,YR2013,
IC.BUS.EASE.XQ,MRT,YR2014,
IC.BUS.EASE.XQ,MRT,YR2015,
IC.BUS.EASE.XQ,MRT,YR2016,
IC.BUS.EASE.XQ,MRT,YR2017,
IC.BUS.EASE.XQ,MRT,YR2018,
IC.BUS.EASE.XQ,MRT,YR2019,
IC.BUS.EASE.XQ,MRT,YR2020,152
IC.BUS.EASE.XQ,MUS,YR2011,
IC.BUS.EASE.XQ,MUS,YR2012,
IC.BUS.EASE.XQ,MUS,YR2013,
IC.BUS.EASE.XQ,MUS,YR2014,
IC.BUS.EASE.XQ,MUS,YR2015,
IC.BUS.EASE.XQ,MUS,YR2016,
IC.BUS.EASE.XQ,MUS,YR2017,
IC.BUS.EASE.XQ,MUS,YR2018,
IC.BUS.EASE.XQ,MUS,YR2019,
IC.BUS.EASE.XQ,MUS,YR2020,13
IC.BUS.EASE.XQ,MEX,YR2011,
IC.BUS.EASE.XQ,MEX,YR2012,
IC.BUS.EASE.XQ,MEX,YR2013,
IC.BUS.EASE.XQ,MEX,YR2014,
IC.BUS.EASE.XQ,MEX,YR2015,
IC.BUS.EASE.XQ,MEX,YR2016,
IC.BUS.EASE.XQ,MEX,YR2017,
IC.BUS.EASE.XQ,MEX,YR2018,
IC.BUS.EASE.XQ,MEX,YR2019,
IC.BUS.EASE.XQ,MEX,YR2020,60
IC.BUS.EASE.XQ,FSM,YR2011,
IC.BUS.EASE.XQ,FSM,YR2012,
IC.BUS.EASE.XQ,FSM,YR2013,
IC.BUS.EASE.XQ,FSM,YR2014,
IC.BUS.EASE.XQ,FSM,YR2015,
IC.BUS.EASE.XQ,FSM,YR2016,
IC.BUS.EASE.XQ,FSM,YR2017,
IC.BUS.EASE.XQ,FSM,YR2018,
IC.BUS.EASE.XQ,FSM,YR2019,
IC.BUS.EASE.XQ,FSM,YR2020,158
IC.BUS.EASE.XQ,MDA,YR2011,
IC.BUS.EASE.XQ,MDA,YR2012,
IC.BUS.EASE.XQ,MDA,YR2013,
IC.BUS.EASE.XQ,MDA,YR2014,
IC.BUS.EASE.XQ,MDA,YR2015,
IC.BUS.EASE.XQ,MDA,YR2016,
IC.BUS.EASE.XQ,MDA,YR2017,
IC.BUS.EASE.XQ,MDA,YR2018,
IC.BUS.EASE.XQ,MDA,YR2019,
IC.BUS.EASE.XQ,MDA,YR2020,48
IC.BUS.EASE.XQ,MNG,YR2011,
IC.BUS.EASE.XQ,MNG,YR2012,
IC.BUS.EASE.XQ,MNG,YR2013,
IC.BUS.EASE.XQ,MNG,YR2014,
IC.BUS.EASE.XQ,MNG,YR2015,
IC.BUS.EASE.XQ,MNG,YR2016,
IC.BUS.EASE.XQ,MNG,YR2017,
IC.BUS.EASE.XQ,MNG,YR2018,
IC.BUS.EASE.XQ,MNG,YR2019,
IC.BUS.EASE.XQ,MNG,YR2020,81
IC.BUS.EASE.XQ,MNE,YR2011,
IC.BUS.EASE.XQ,MNE,YR2012,
IC.BUS.EASE.XQ,MNE,YR2013,
IC.BUS.EASE.XQ,MNE,YR2014,
IC.BUS.EASE.XQ,MNE,YR2015,
IC.BUS.EASE.XQ,MNE,YR2016,
IC.BUS.EASE.XQ,MNE,YR2017,
IC.BUS.EASE.XQ,MNE,YR2018,
IC.BUS.EASE.XQ,MNE,YR2019,
IC.BUS.EASE.XQ,MNE,YR2020,50
IC.BUS.EASE.XQ,MAR,YR2011,
IC.BUS.EASE.XQ,MAR,YR2012,
IC.BUS.EASE.XQ,MAR,YR2013,
IC.BUS.EASE.XQ,MAR,YR2014,
IC.BUS.EASE.XQ,MAR,YR2015,
IC.BUS.EASE.XQ,MAR,YR2016,
IC.BUS.EASE.XQ,MAR,YR2017,
IC.BUS.EASE.XQ,MAR,YR2018,
IC.BUS.EASE.XQ,MAR,YR2019,
IC.BUS.EASE.XQ,MAR,YR2020,53
IC.BUS.EASE.XQ,MOZ,YR2011,
IC.BUS.EASE.XQ,MOZ,YR2012,
IC.BUS.EASE.XQ,MOZ,YR2013,
IC.BUS.EASE.XQ,MOZ,YR2014,
IC.BUS.EASE.XQ,MOZ,YR2015,
IC.BUS.EASE.XQ,MOZ,YR2016,
IC.BUS.EASE.XQ,MOZ,YR2017,
IC.BUS.EASE.XQ,MOZ,YR2018,
IC.BUS.EASE.XQ,MOZ,YR2019,
IC.BUS.EASE.XQ,MOZ,YR2020,138
IC.BUS.EASE.XQ,MMR,YR2011,
IC.BUS.EASE.XQ,MMR,YR2012,
IC.BUS.EASE.XQ,MMR,YR2013,
IC.BUS.EASE.XQ,MMR,YR2014,
IC.BUS.EASE.XQ,MMR,YR2015,
IC.BUS.EASE.XQ,MMR,YR2016,
IC.BUS.EASE.XQ,MMR,YR2017,
IC.BUS.EASE.XQ,MMR,YR2018,
IC.BUS.EASE.XQ,MMR,YR2019,
IC.BUS.EASE.XQ,MMR,YR2020,165
IC.BUS.EASE.XQ,NAM,YR2011,
IC.BUS.EASE.XQ,NAM,YR2012,
IC.BUS.EASE.XQ,NAM,YR2013,
IC.BUS.EASE.XQ,NAM,YR2014,
IC.BUS.EASE.XQ,NAM,YR2015,
IC.BUS.EASE.XQ,NAM,YR2016,
IC.BUS.EASE.XQ,NAM,YR2017,
IC.BUS.EASE.XQ,NAM,YR2018,
IC.BUS.EASE.XQ,NAM,YR2019,
IC.BUS.EASE.XQ,NAM,YR2020,104
IC.BUS.EASE.XQ,NPL,YR2011,
IC.BUS.EASE.XQ,NPL,YR2012,
IC.BUS.EASE.XQ,NPL,YR2013,
IC.BUS.EASE.XQ,NPL,YR2014,
IC.BUS.EASE.XQ,NPL,YR2015,
IC.BUS.EASE.XQ,NPL,YR2016,
IC.BUS.EASE.XQ,NPL,YR2017,
IC.BUS.EASE.XQ,NPL,YR2018,
IC.BUS.EASE.XQ,NPL,YR2019,
IC.BUS.EASE.XQ,NPL,YR2020,94
IC.BUS.EASE.XQ,NLD,YR2011,
IC.BUS.EASE.XQ,NLD,YR2012,
IC.BUS.EASE.XQ,NLD,YR2013,
IC.BUS.EASE.XQ,NLD,YR2014,
IC.BUS.EASE.XQ,NLD,YR2015,
IC.BUS.EASE.XQ,NLD,YR2016,
IC.BUS.EASE.XQ,NLD,YR2017,
IC.BUS.EASE.XQ,NLD,YR2018,
IC.BUS.EASE.XQ,NLD,YR2019,
IC.BUS.EASE.XQ,NLD,YR2020,42
IC.BUS.EASE.XQ,NZL,YR2011,
IC.BUS.EASE.XQ,NZL,YR2012,
IC.BUS.EASE.XQ,NZL,YR2013,
IC.BUS.EASE.XQ,NZL,YR2014,
IC.BUS.EASE.XQ,NZL,YR2015,
IC.BUS.EASE.XQ,NZL,YR2016,
IC.BUS.EASE.XQ,NZL,YR2017,
IC.BUS.EASE.XQ,NZL,YR2018,
IC.BUS.EASE.XQ,NZL,YR2019,
IC.BUS.EASE.XQ,NZL,YR2020,1
IC.BUS.EASE.XQ,NIC,YR2011,
IC.BUS.EASE.XQ,NIC,YR2012,
IC.BUS.EASE.XQ,NIC,YR2013,
IC.BUS.EASE.XQ,NIC,YR2014,
IC.BUS.EASE.XQ,NIC,YR2015,
IC.BUS.EASE.XQ,NIC,YR2016,
IC.BUS.EASE.XQ,NIC,YR2017,
IC.BUS.EASE.XQ,NIC,YR2018,
IC.BUS.EASE.XQ,NIC,YR2019,
IC.BUS.EASE.XQ,NIC,YR2020,142
IC.BUS.EASE.XQ,NER,YR2011,
IC.BUS.EASE.XQ,NER,YR2012,
IC.BUS.EASE.XQ,NER,YR2013,
IC.BUS.EASE.XQ,NER,YR2014,
IC.BUS.EASE.XQ,NER,YR2015,
IC.BUS.EASE.XQ,NER,YR2016,
IC.BUS.EASE.XQ,NER,YR2017,
IC.BUS.EASE.XQ,NER,YR2018,
IC.BUS.EASE.XQ,NER,YR2019,
IC.BUS.EASE.XQ,NER,YR2020,132
IC.BUS.EASE.XQ,NGA,YR2011,
IC.BUS.EASE.XQ,NGA,YR2012,
IC.BUS.EASE.XQ,NGA,YR2013,
IC.BUS.EASE.XQ,NGA,YR2014,
IC.BUS.EASE.XQ,NGA,YR2015,
IC.BUS.EASE.XQ,NGA,YR2016,
IC.BUS.EASE.XQ,NGA,YR2017,
IC.BUS.EASE.XQ,NGA,YR2018,
IC.BUS.EASE.XQ,NGA,YR2019,
IC.BUS.EASE.XQ,NGA,YR2020,131
IC.BUS.EASE.XQ,MKD,YR2011,
IC.BUS.EASE.XQ,MKD,YR2012,
IC.BUS.EASE.XQ,MKD,YR2013,
IC.BUS.EASE.XQ,MKD,YR2014,
IC.BUS.EASE.XQ,MKD,YR2015,
IC.BUS.EASE.XQ,MKD,YR2016,
IC.BUS.EASE.XQ,MKD,YR2017,
IC.BUS.EASE.XQ,MKD,YR2018,
IC.BUS.EASE.XQ,MKD,YR2019,
IC.BUS.EASE.XQ,MKD,YR2020,17
IC.BUS.EASE.XQ,NOR,YR2011,
IC.BUS.EASE.XQ,NOR,YR2012,
IC.BUS.EASE.XQ,NOR,YR2013,
IC.BUS.EASE.XQ,NOR,YR2014,
IC.BUS.EASE.XQ,NOR,YR2015,
IC.BUS.EASE.XQ,NOR,YR2016,
IC.BUS.EASE.XQ,NOR,YR2017,
IC.BUS.EASE.XQ,NOR,YR2018,
IC.BUS.EASE.XQ,NOR,YR2019,
IC.BUS.EASE.XQ,NOR,YR2020,9
IC.BUS.EASE.XQ,OMN,YR2011,
IC.BUS.EASE.XQ,OMN,YR2012,
IC.BUS.EASE.XQ,OMN,YR2013,
IC.BUS.EASE.XQ,OMN,YR2014,
IC.BUS.EASE.XQ,OMN,YR2015,
IC.BUS.EASE.XQ,OMN,YR2016,
IC.BUS.EASE.XQ,OMN,YR2017,
IC.BUS.EASE.XQ,OMN,YR2018,
IC.BUS.EASE.XQ,OMN,YR2019,
IC.BUS.EASE.XQ,OMN,YR2020,68
IC.BUS.EASE.XQ,PAK,YR2011,
IC.BUS.EASE.XQ,PAK,YR2012,
IC.BUS.EASE.XQ,PAK,YR2013,
IC.BUS.EASE.XQ,PAK,YR2014,
IC.BUS.EASE.XQ,PAK,YR2015,
IC.BUS.EASE.XQ,PAK,YR2016,
IC.BUS.EASE.XQ,PAK,YR2017,
IC.BUS.EASE.XQ,PAK,YR2018,
IC.BUS.EASE.XQ,PAK,YR2019,
IC.BUS.EASE.XQ,PAK,YR2020,108
IC.BUS.EASE.XQ,PLW,YR2011,
IC.BUS.EASE.XQ,PLW,YR2012,
IC.BUS.EASE.XQ,PLW,YR2013,
IC.BUS.EASE.XQ,PLW,YR2014,
IC.BUS.EASE.XQ,PLW,YR2015,
IC.BUS.EASE.XQ,PLW,YR2016,
IC.BUS.EASE.XQ,PLW,YR2017,
IC.BUS.EASE.XQ,PLW,YR2018,
IC.BUS.EASE.XQ,PLW,YR2019,
IC.BUS.EASE.XQ,PLW,YR2020,145
IC.BUS.EASE.XQ,PAN,YR2011,
IC.BUS.EASE.XQ,PAN,YR2012,
IC.BUS.EASE.XQ,PAN,YR2013,
IC.BUS.EASE.XQ,PAN,YR2014,
IC.BUS.EASE.XQ,PAN,YR2015,
IC.BUS.EASE.XQ,PAN,YR2016,
IC.BUS.EASE.XQ,PAN,YR2017,
IC.BUS.EASE.XQ,PAN,YR2018,
IC.BUS.EASE.XQ,PAN,YR2019,
IC.BUS.EASE.XQ,PAN,YR2020,86
IC.BUS.EASE.XQ,PNG,YR2011,
IC.BUS.EASE.XQ,PNG,YR2012,
IC.BUS.EASE.XQ,PNG,YR2013,
IC.BUS.EASE.XQ,PNG,YR2014,
IC.BUS.EASE.XQ,PNG,YR2015,
IC.BUS.EASE.XQ,PNG,YR2016,
IC.BUS.EASE.XQ,PNG,YR2017,
IC.BUS.EASE.XQ,PNG,YR2018,
IC.BUS.EASE.XQ,PNG,YR2019,
IC.BUS.EASE.XQ,PNG,YR2020,120
IC.BUS.EASE.XQ,PRY,YR2011,
IC.BUS.EASE.XQ,PRY,YR2012,
IC.BUS.EASE.XQ,PRY,YR2013,
IC.BUS.EASE.XQ,PRY,YR2014,
IC.BUS.EASE.XQ,PRY,YR2015,
IC.BUS.EASE.XQ,PRY,YR2016,
IC.BUS.EASE.XQ,PRY,YR2017,
IC.BUS.EASE.XQ,PRY,YR2018,
IC.BUS.EASE.XQ,PRY,YR2019,
IC.BUS.EASE.XQ,PRY,YR2020,125
IC.BUS.EASE.XQ,PER,YR2011,
IC.BUS.EASE.XQ,PER,YR2012,
IC.BUS.EASE.XQ,PER,YR2013,
IC.BUS.EASE.XQ,PER,YR2014,
IC.BUS.EASE.XQ,PER,YR2015,
IC.BUS.EASE.XQ,PER,YR2016,
IC.BUS.EASE.XQ,PER,YR2017,
IC.BUS.EASE.XQ,PER,YR2018,
IC.BUS.EASE.XQ,PER,YR2019,
IC.BUS.EASE.XQ,PER,YR2020,76
IC.BUS.EASE.XQ,PHL,YR2011,
IC.BUS.EASE.XQ,PHL,YR2012,
IC.BUS.EASE.XQ,PHL,YR2013,
IC.BUS.EASE.XQ,PHL,YR2014,
IC.BUS.EASE.XQ,PHL,YR2015,
IC.BUS.EASE.XQ,PHL,YR2016,
IC.BUS.EASE.XQ,PHL,YR2017,
IC.BUS.EASE.XQ,PHL,YR2018,
IC.BUS.EASE.XQ,PHL,YR2019,
IC.BUS.EASE.XQ,PHL,YR2020,95
IC.BUS.EASE.XQ,POL,YR2011,
IC.BUS.EASE.XQ,POL,YR2012,
IC.BUS.EASE.XQ,POL,YR2013,
IC.BUS.EASE.XQ,POL,YR2014,
IC.BUS.EASE.XQ,POL,YR2015,
IC.BUS.EASE.XQ,POL,YR2016,
IC.BUS.EASE.XQ,POL,YR2017,
IC.BUS.EASE.XQ,POL,YR2018,
IC.BUS.EASE.XQ,POL,YR2019,
IC.BUS.EASE.XQ,POL,YR2020,40
IC.BUS.EASE.XQ,PRT,YR2011,
IC.BUS.EASE.XQ,PRT,YR2012,
IC.BUS.EASE.XQ,PRT,YR2013,
IC.BUS.EASE.XQ,PRT,YR2014,
IC.BUS.EASE.XQ,PRT,YR2015,
IC.BUS.EASE.XQ,PRT,YR2016,
IC.BUS.EASE.XQ,PRT,YR2017,
IC.BUS.EASE.XQ,PRT,YR2018,
IC.BUS.EASE.XQ,PRT,YR2019,
IC.BUS.EASE.XQ,PRT,YR2020,39
IC.BUS.EASE.XQ,PRI,YR2011,
IC.BUS.EASE.XQ,PRI,YR2012,
IC.BUS.EASE.XQ,PRI,YR2013,
IC.BUS.EASE.XQ,PRI,YR2014,
IC.BUS.EASE.XQ,PRI,YR2015,
IC.BUS.EASE.XQ,PRI,YR2016,
IC.BUS.EASE.XQ,PRI,YR2017,
IC.BUS.EASE.XQ,PRI,YR2018,
IC.BUS.EASE.XQ,PRI,YR2019,
IC.BUS.EASE.XQ,PRI,YR2020,65
IC.BUS.EASE.XQ,QAT,YR2011,
IC.BUS.EASE.XQ,QAT,YR2012,
IC.BUS.EASE.XQ,QAT,YR2013,
IC.BUS.EASE.XQ,QAT,YR2014,
IC.BUS.EASE.XQ,QAT,YR2015,
IC.BUS.EASE.XQ,QAT,YR2016,
IC.BUS.EASE.XQ,QAT,YR2017,
IC.BUS.EASE.XQ,QAT,YR2018,
IC.BUS.EASE.XQ,QAT,YR2019,
IC.BUS.EASE.XQ,QAT,YR2020,77
IC.BUS.EASE.XQ,ROU,YR2011,
IC.BUS.EASE.XQ,ROU,YR2012,
IC.BUS.EASE.XQ,ROU,YR2013,
IC.BUS.EASE.XQ,ROU,YR2014,
IC.BUS.EASE.XQ,ROU,YR2015,
IC.BUS.EASE.XQ,ROU,YR2016,
IC.BUS.EASE.XQ,ROU,YR2017,
IC.BUS.EASE.XQ,ROU,YR2018,
IC.BUS.EASE.XQ,ROU,YR2019,
IC.BUS.EASE.XQ,ROU,YR2020,55
IC.BUS.EASE.XQ,RUS,YR2011,
IC.BUS.EASE.XQ,RUS,YR2012,
IC.BUS.EASE.XQ,RUS,YR2013,
IC.BUS.EASE.XQ,RUS,YR2014,
IC.BUS.EASE.XQ,RUS,YR2015,
IC.BUS.EASE.XQ,RUS,YR2016,
IC.BUS.EASE.XQ,RUS,YR2017,
IC.BUS.EASE.XQ,RUS,YR2018,
IC.BUS.EASE.XQ,RUS,YR2019,
IC.BUS.EASE.XQ,RUS,YR2020,28
IC.BUS.EASE.XQ,RWA,YR2011,
IC.BUS.EASE.XQ,RWA,YR2012,
IC.BUS.EASE.XQ,RWA,YR2013,
IC.BUS.EASE.XQ,RWA,YR2014,
IC.BUS.EASE.XQ,RWA,YR2015,
IC.BUS.EASE.XQ,RWA,YR2016,
IC.BUS.EASE.XQ,RWA,YR2017,
IC.BUS.EASE.XQ,RWA,YR2018,
IC.BUS.EASE.XQ,RWA,YR2019,
IC.BUS.EASE.XQ,RWA,YR2020,38
IC.BUS.EASE.XQ,WSM,YR2011,
IC.BUS.EASE.XQ,WSM,YR2012,
IC.BUS.EASE.XQ,WSM,YR2013,
IC.BUS.EASE.XQ,WSM,YR2014,
IC.BUS.EASE.XQ,WSM,YR2015,
IC.BUS.EASE.XQ,WSM,YR2016,
IC.BUS.EASE.XQ,WSM,YR2017,
IC.BUS.EASE.XQ,WSM,YR2018,
IC.BUS.EASE.XQ,WSM,YR2019,
IC.BUS.EASE.XQ,WSM,YR2020,98
IC.BUS.EASE.XQ,SMR,YR2011,
IC.BUS.EASE.XQ,SMR,YR2012,
IC.BUS.EASE.XQ,SMR,YR2013,
IC.BUS.EASE.XQ,SMR,YR2014,
IC.BUS.EASE.XQ,SMR,YR2015,
IC.BUS.EASE.XQ,SMR,YR2016,
IC.BUS.EASE.XQ,SMR,YR2017,
IC.BUS.EASE.XQ,SMR,YR2018,
IC.BUS.EASE.XQ,SMR,YR2019,
IC.BUS.EASE.XQ,SMR,YR2020,92
IC.BUS.EASE.XQ,STP,YR2011,
IC.BUS.EASE.XQ,STP,YR2012,
IC.BUS.EASE.XQ,STP,YR2013,
IC.BUS.EASE.XQ,STP,YR2014,
IC.BUS.EASE.XQ,STP,YR2015,
IC.BUS.EASE.XQ,STP,YR2016,
IC.BUS.EASE.XQ,STP,YR2017,
IC.BUS.EASE.XQ,STP,YR2018,
IC.BUS.EASE.XQ,STP,YR2019,
IC.BUS.EASE.XQ,STP,YR2020,170
IC.BUS.EASE.XQ,SAU,YR2011,
IC.BUS.EASE.XQ,SAU,YR2012,
IC.BUS.EASE.XQ,SAU,YR2013,
IC.BUS.EASE.XQ,SAU,YR2014,
IC.BUS.EASE.XQ,SAU,YR2015,
IC.BUS.EASE.XQ,SAU,YR2016,
IC.BUS.EASE.XQ,SAU,YR2017,
IC.BUS.EASE.XQ,SAU,YR2018,
IC.BUS.EASE.XQ,SAU,YR2019,
IC.BUS.EASE.XQ,SAU,YR2020,62
IC.BUS.EASE.XQ,SEN,YR2011,
IC.BUS.EASE.XQ,SEN,YR2012,
IC.BUS.EASE.XQ,SEN,YR2013,
IC.BUS.EASE.XQ,SEN,YR2014,
IC.BUS.EASE.XQ,SEN,YR2015,
IC.BUS.EASE.XQ,SEN,YR2016,
IC.BUS.EASE.XQ,SEN,YR2017,
IC.BUS.EASE.XQ,SEN,YR2018,
IC.BUS.EASE.XQ,SEN,YR2019,
IC.BUS.EASE.XQ,SEN,YR2020,123
IC.BUS.EASE.XQ,SRB,YR2011,
IC.BUS.EASE.XQ,SRB,YR2012,
IC.BUS.EASE.XQ,SRB,YR2013,
IC.BUS.EASE.XQ,SRB,YR2014,
IC.BUS.EASE.XQ,SRB,YR2015,
IC.BUS.EASE.XQ,SRB,YR2016,
IC.BUS.EASE.XQ,SRB,YR2017,
IC.BUS.EASE.XQ,SRB,YR2018,
IC.BUS.EASE.XQ,SRB,YR2019,
IC.BUS.EASE.XQ,SRB,YR2020,44
IC.BUS.EASE.XQ,SYC,YR2011,
IC.BUS.EASE.XQ,SYC,YR2012,
IC.BUS.EASE.XQ,SYC,YR2013,
IC.BUS.EASE.XQ,SYC,YR2014,
IC.BUS.EASE.XQ,SYC,YR2015,
IC.BUS.EASE.XQ,SYC,YR2016,
IC.BUS.EASE.XQ,SYC,YR2017,
IC.BUS.EASE.XQ,SYC,YR2018,
IC.BUS.EASE.XQ,SYC,YR2019,
IC.BUS.EASE.XQ,SYC,YR2020,100
IC.BUS.EASE.XQ,SLE,YR2011,
IC.BUS.EASE.XQ,SLE,YR2012,
IC.BUS.EASE.XQ,SLE,YR2013,
IC.BUS.EASE.XQ,SLE,YR2014,
IC.BUS.EASE.XQ,SLE,YR2015,
IC.BUS.EASE.XQ,SLE,YR2016,
IC.BUS.EASE.XQ,SLE,YR2017,
IC.BUS.EASE.XQ,SLE,YR2018,
IC.BUS.EASE.XQ,SLE,YR2019,
IC.BUS.EASE.XQ,SLE,YR2020,163
IC.BUS.EASE.XQ,SGP,YR2011,
IC.BUS.EASE.XQ,SGP,YR2012,
IC.BUS.EASE.XQ,SGP,YR2013,
IC.BUS.EASE.XQ,SGP,YR2014,
IC.BUS.EASE.XQ,SGP,YR2015,
IC.BUS.EASE.XQ,SGP,YR2016,
IC.BUS.EASE.XQ,SGP,YR2017,
IC.BUS.EASE.XQ,SGP,YR2018,
IC.BUS.EASE.XQ,SGP,YR2019,
IC.BUS.EASE.XQ,SGP,YR2020,2
IC.BUS.EASE.XQ,SVK,YR2011,
IC.BUS.EASE.XQ,SVK,YR2012,
IC.BUS.EASE.XQ,SVK,YR2013,
IC.BUS.EASE.XQ,SVK,YR2014,
IC.BUS.EASE.XQ,SVK,YR2015,
IC.BUS.EASE.XQ,SVK,YR2016,
IC.BUS.EASE.XQ,SVK,YR2017,
IC.BUS.EASE.XQ,SVK,YR2018,
IC.BUS.EASE.XQ,SVK,YR2019,
IC.BUS.EASE.XQ,SVK,YR2020,45
IC.BUS.EASE.XQ,SVN,YR2011,
IC.BUS.EASE.XQ,SVN,YR2012,
IC.BUS.EASE.XQ,SVN,YR2013,
IC.BUS.EASE.XQ,SVN,YR2014,
IC.BUS.EASE.XQ,SVN,YR2015,
IC.BUS.EASE.XQ,SVN,YR2016,
IC.BUS.EASE.XQ,SVN,YR2017,
IC.BUS.EASE.XQ,SVN,YR2018,
IC.BUS.EASE.XQ,SVN,YR2019,
IC.BUS.EASE.XQ,SVN,YR2020,37
IC.BUS.EASE.XQ,SLB,YR2011,
IC.BUS.EASE.XQ,SLB,YR2012,
IC.BUS.EASE.XQ,SLB,YR2013,
IC.BUS.EASE.XQ,SLB,YR2014,
IC.BUS.EASE.XQ,SLB,YR2015,
IC.BUS.EASE.XQ,SLB,YR2016,
IC.BUS.EASE.XQ,SLB,YR2017,
IC.BUS.EASE.XQ,SLB,YR2018,
IC.BUS.EASE.XQ,SLB,YR2019,
IC.BUS.EASE.XQ,SLB,YR2020,136
IC.BUS.EASE.XQ,SOM,YR2011,
IC.BUS.EASE.XQ,SOM,YR2012,
IC.BUS.EASE.XQ,SOM,YR2013,
IC.BUS.EASE.XQ,SOM,YR2014,
IC.BUS.EASE.XQ,SOM,YR2015,
IC.BUS.EASE.XQ,SOM,YR2016,
IC.BUS.EASE.XQ,SOM,YR2017,
IC.BUS.EASE.XQ,SOM,YR2018,
IC.BUS.EASE.XQ,SOM,YR2019,
IC.BUS.EASE.XQ,SOM,YR2020,190
IC.BUS.EASE.XQ,ZAF,YR2011,
IC.BUS.EASE.XQ,ZAF,YR2012,
IC.BUS.EASE.XQ,ZAF,YR2013,
IC.BUS.EASE.XQ,ZAF,YR2014,
IC.BUS.EASE.XQ,ZAF,YR2015,
IC.BUS.EASE.XQ,ZAF,YR2016,
IC.BUS.EASE.XQ,ZAF,YR2017,
IC.BUS.EASE.XQ,ZAF,YR2018,
IC.BUS.EASE.XQ,ZAF,YR2019,
IC.BUS.EASE.XQ,ZAF,YR2020,84
IC.BUS.EASE.XQ,SSD,YR2011,
IC.BUS.EASE.XQ,SSD,YR2012,
IC.BUS.EASE.XQ,SSD,YR2013,
IC.BUS.EASE.XQ,SSD,YR2014,
IC.BUS.EASE.XQ,SSD,YR2015,
IC.BUS.EASE.XQ,SSD,YR2016,
IC.BUS.EASE.XQ,SSD,YR2017,
IC.BUS.EASE.XQ,SSD,YR2018,
IC.BUS.EASE.XQ,SSD,YR2019,
IC.BUS.EASE.XQ,SSD,YR2020,185
IC.BUS.EASE.XQ,ESP,YR2011,
IC.BUS.EASE.XQ,ESP,YR2012,
IC.BUS.EASE.XQ,ESP,YR2013,
IC.BUS.EASE.XQ,ESP,YR2014,
IC.BUS.EASE.XQ,ESP,YR2015,
IC.BUS.EASE.XQ,ESP,YR2016,
IC.BUS.EASE.XQ,ESP,YR2017,
IC.BUS.EASE.XQ,ESP,YR2018,
IC.BUS.EASE.XQ,ESP,YR2019,
IC.BUS.EASE.XQ,ESP,YR2020,30
IC.BUS.EASE.XQ,LKA,YR2011,
IC.BUS.EASE.XQ,LKA,YR2012,
IC.BUS.EASE.XQ,LKA,YR2013,
IC.BUS.EASE.XQ,LKA,YR2014,
IC.BUS.EASE.XQ,LKA,YR2015,
IC.BUS.EASE.XQ,LKA,YR2016,
IC.BUS.EASE.XQ,LKA,YR2017,
IC.BUS.EASE.XQ,LKA,YR2018,
IC.BUS.EASE.XQ,LKA,YR2019,
IC.BUS.EASE.XQ,LKA,YR2020,99
IC.BUS.EASE.XQ,KNA,YR2011,
IC.BUS.EASE.XQ,KNA,YR2012,
IC.BUS.EASE.XQ,KNA,YR2013,
IC.BUS.EASE.XQ,KNA,YR2014,
IC.BUS.EASE.XQ,KNA,YR2015,
IC.BUS.EASE.XQ,KNA,YR2016,
IC.BUS.EASE.XQ,KNA,YR2017,
IC.BUS.EASE.XQ,KNA,YR2018,
IC.BUS.EASE.XQ,KNA,YR2019,
IC.BUS.EASE.XQ,KNA,YR2020,139
IC.BUS.EASE.XQ,LCA,YR2011,
IC.BUS.EASE.XQ,LCA,YR2012,
IC.BUS.EASE.XQ,LCA,YR2013,
IC.BUS.EASE.XQ,LCA,YR2014,
IC.BUS.EASE.XQ,LCA,YR2015,
IC.BUS.EASE.XQ,LCA,YR2016,
IC.BUS.EASE.XQ,LCA,YR2017,
IC.BUS.EASE.XQ,LCA,YR2018,
IC.BUS.EASE.XQ,LCA,YR2019,
IC.BUS.EASE.XQ,LCA,YR2020,93
IC.BUS.EASE.XQ,VCT,YR2011,
IC.BUS.EASE.XQ,VCT,YR2012,
IC.BUS.EASE.XQ,VCT,YR2013,
IC.BUS.EASE.XQ,VCT,YR2014,
IC.BUS.EASE.XQ,VCT,YR2015,
IC.BUS.EASE.XQ,VCT,YR2016,
IC.BUS.EASE.XQ,VCT,YR2017,
IC.BUS.EASE.XQ,VCT,YR2018,
IC.BUS.EASE.XQ,VCT,YR2019,
IC.BUS.EASE.XQ,VCT,YR2020,130
IC.BUS.EASE.XQ,SDN,YR2011,
IC.BUS.EASE.XQ,SDN,YR2012,
IC.BUS.EASE.XQ,SDN,YR2013,
IC.BUS.EASE.XQ,SDN,YR2014,
IC.BUS.EASE.XQ,SDN,YR2015,
IC.BUS.EASE.XQ,SDN,YR2016,
IC.BUS.EASE.XQ,SDN,YR2017,
IC.BUS.EASE.XQ,SDN,YR2018,
IC.BUS.EASE.XQ,SDN,YR2019,
IC.BUS.EASE.XQ,SDN,YR2020,171
IC.BUS.EASE.XQ,SUR,YR2011,
IC.BUS.EASE.XQ,SUR,YR2012,
IC.BUS.EASE.XQ,SUR,YR2013,
IC.BUS.EASE.XQ,SUR,YR2014,
IC.BUS.EASE.XQ,SUR,YR2015,
IC.BUS.EASE.XQ,SUR,YR2016,
IC.BUS.EASE.XQ,SUR,YR2017,
IC.BUS.EASE.XQ,SUR,YR2018,
IC.BUS.EASE.XQ,SUR,YR2019,
IC.BUS.EASE.XQ,SUR,YR2020,162
IC.BUS.EASE.XQ,SWE,YR2011,
IC.BUS.EASE.XQ,SWE,YR2012,
IC.BUS.EASE.XQ,SWE,YR2013,
IC.BUS.EASE.XQ,SWE,YR2014,
IC.BUS.EASE.XQ,SWE,YR2015,
IC.BUS.EASE.XQ,SWE,YR2016,
IC.BUS.EASE.XQ,SWE,YR2017,
IC.BUS.EASE.XQ,SWE,YR2018,
IC.BUS.EASE.XQ,SWE,YR2019,
IC.BUS.EASE.XQ,SWE,YR2020,10
IC.BUS.EASE.XQ,CHE,YR2011,
IC.BUS.EASE.XQ,CHE,YR2012,
IC.BUS.EASE.XQ,CHE,YR2013,
IC.BUS.EASE.XQ,CHE,YR2014,
IC.BUS.EASE.XQ,CHE,YR2015,
IC.BUS.EASE.XQ,CHE,YR2016,
IC.BUS.EASE.XQ,CHE,YR2017,
IC.BUS.EASE.XQ,CHE,YR2018,
IC.BUS.EASE.XQ,CHE,YR2019,
IC.BUS.EASE.XQ,CHE,YR2020,36
IC.BUS.EASE.XQ,SYR,YR2011,
IC.BUS.EASE.XQ,SYR,YR2012,
IC.BUS.EASE.XQ,SYR,YR2013,
IC.BUS.EASE.XQ,SYR,YR2014,
IC.BUS.EASE.XQ,SYR,YR2015,
IC.BUS.EASE.XQ,SYR,YR2016,
IC.BUS.EASE.XQ,SYR,YR2017,
IC.BUS.EASE.XQ,SYR,YR2018,
IC.BUS.EASE.XQ,SYR,YR2019,
IC.BUS.EASE.XQ,SYR,YR2020,176
IC.BUS.EASE.XQ,TWN,YR2011,
IC.BUS.EASE.XQ,TWN,YR2012,
IC.BUS.EASE.XQ,TWN,YR2013,
IC.BUS.EASE.XQ,TWN,YR2014,
IC.BUS.EASE.XQ,TWN,YR2015,
IC.BUS.EASE.XQ,TWN,YR2016,
IC.BUS.EASE.XQ,TWN,YR2017,
IC.BUS.EASE.XQ,TWN,YR2018,
IC.BUS.EASE.XQ,TWN,YR2019,
IC.BUS.EASE.XQ,TWN,YR2020,15
IC.BUS.EASE.XQ,TJK,YR2011,
IC.BUS.EASE.XQ,TJK,YR2012,
IC.BUS.EASE.XQ,TJK,YR2013,
IC.BUS.EASE.XQ,TJK,YR2014,
IC.BUS.EASE.XQ,TJK,YR2015,
IC.BUS.EASE.XQ,TJK,YR2016,
IC.BUS.EASE.XQ,TJK,YR2017,
IC.BUS.EASE.XQ,TJK,YR2018,
IC.BUS.EASE.XQ,TJK,YR2019,
IC.BUS.EASE.XQ,TJK,YR2020,106
IC.BUS.EASE.XQ,TZA,YR2011,
IC.BUS.EASE.XQ,TZA,YR2012,
IC.BUS.EASE.XQ,TZA,YR2013,
IC.BUS.EASE.XQ,TZA,YR2014,
IC.BUS.EASE.XQ,TZA,YR2015,
IC.BUS.EASE.XQ,TZA,YR2016,
IC.BUS.EASE.XQ,TZA,YR2017,
IC.BUS.EASE.XQ,TZA,YR2018,
IC.BUS.EASE.XQ,TZA,YR2019,
IC.BUS.EASE.XQ,TZA,YR2020,141
IC.BUS.EASE.XQ,THA,YR2011,
IC.BUS.EASE.XQ,THA,YR2012,
IC.BUS.EASE.XQ,THA,YR2013,
IC.BUS.EASE.XQ,THA,YR2014,
IC.BUS.EASE.XQ,THA,YR2015,
IC.BUS.EASE.XQ,THA,YR2016,
IC.BUS.EASE.XQ,THA,YR2017,
IC.BUS.EASE.XQ,THA,YR2018,
IC.BUS.EASE.XQ,THA,YR2019,
IC.BUS.EASE.XQ,THA,YR2020,21
IC.BUS.EASE.XQ,TLS,YR2011,
IC.BUS.EASE.XQ,TLS,YR2012,
IC.BUS.EASE.XQ,TLS,YR2013,
IC.BUS.EASE.XQ,TLS,YR2014,
IC.BUS.EASE.XQ,TLS,YR2015,
IC.BUS.EASE.XQ,TLS,YR2016,
IC.BUS.EASE.XQ,TLS,YR2017,
IC.BUS.EASE.XQ,TLS,YR2018,
IC.BUS.EASE.XQ,TLS,YR2019,
IC.BUS.EASE.XQ,TLS,YR2020,181
IC.BUS.EASE.XQ,TGO,YR2011,
IC.BUS.EASE.XQ,TGO,YR2012,
IC.BUS.EASE.XQ,TGO,YR2013,
IC.BUS.EASE.XQ,TGO,YR2014,
IC.BUS.EASE.XQ,TGO,YR2015,
IC.BUS.EASE.XQ,TGO,YR2016,
IC.BUS.EASE.XQ,TGO,YR2017,
IC.BUS.EASE.XQ,TGO,YR2018,
IC.BUS.EASE.XQ,TGO,YR2019,
IC.BUS.EASE.XQ,TGO,YR2020,97
IC.BUS.EASE.XQ,TON,YR2011,
IC.BUS.EASE.XQ,TON,YR2012,
IC.BUS.EASE.XQ,TON,YR2013,
IC.BUS.EASE.XQ,TON,YR2014,
IC.BUS.EASE.XQ,TON,YR2015,
IC.BUS.EASE.XQ,TON,YR2016,
IC.BUS.EASE.XQ,TON,YR2017,
IC.BUS.EASE.XQ,TON,YR2018,
IC.BUS.EASE.XQ,TON,YR2019,
IC.BUS.EASE.XQ,TON,YR2020,103
IC.BUS.EASE.XQ,TTO,YR2011,
IC.BUS.EASE.XQ,TTO,YR2012,
IC.BUS.EASE.XQ,TTO,YR2013,
IC.BUS.EASE.XQ,TTO,YR2014,
IC.BUS.EASE.XQ,TTO,YR2015,
IC.BUS.EASE.XQ,TTO,YR2016,
IC.BUS.EASE.XQ,TTO,YR2017,
IC.BUS.EASE.XQ,TTO,YR2018,
IC.BUS.EASE.XQ,TTO,YR2019,
IC.BUS.EASE.XQ,TTO,YR2020,105
IC.BUS.EASE.XQ,TUN,YR2011,
IC.BUS.EASE.XQ,TUN,YR2012,
IC.BUS.EASE.XQ,TUN,YR2013,
IC.BUS.EASE.XQ,TUN,YR2014,
IC.BUS.EASE.XQ,TUN,YR2015,
IC.BUS.EASE.XQ,TUN,YR2016,
IC.BUS.EASE.XQ,TUN,YR2017,
IC.BUS.EASE.XQ,TUN,YR2018,
IC.BUS.EASE.XQ,TUN,YR2019,
IC.BUS.EASE.XQ,TUN,YR2020,78
IC.BUS.EASE.XQ,TUR,YR2011,
IC.BUS.EASE.XQ,TUR,YR2012,
IC.BUS.EASE.XQ,TUR,YR2013,
IC.BUS.EASE.XQ,TUR,YR2014,
IC.BUS.EASE.XQ,TUR,YR2015,
IC.BUS.EASE.XQ,TUR,YR2016,
IC.BUS.EASE.XQ,TUR,YR2017,
IC.BUS.EASE.XQ,TUR,YR2018,
IC.BUS.EASE.XQ,TUR,YR2019,
IC.BUS.EASE.XQ,TUR,YR2020,33
IC.BUS.EASE.XQ,UGA,YR2011,
IC.BUS.EASE.XQ,UGA,YR2012,
IC.BUS.EASE.XQ,UGA,YR2013,
IC.BUS.EASE.XQ,UGA,YR2014,
IC.BUS.EASE.XQ,UGA,YR2015,
IC.BUS.EASE.XQ,UGA,YR2016,
IC.BUS.EASE.XQ,UGA,YR2017,
IC.BUS.EASE.XQ,UGA,YR2018,
IC.BUS.EASE.XQ,UGA,YR2019,
IC.BUS.EASE.XQ,UGA,YR2020,116
IC.BUS.EASE.XQ,UKR,YR2011,
IC.BUS.EASE.XQ,UKR,YR2012,
IC.BUS.EASE.XQ,UKR,YR2013,
IC.BUS.EASE.XQ,UKR,YR2014,
IC.BUS.EASE.XQ,UKR,YR2015,
IC.BUS.EASE.XQ,UKR,YR2016,
IC.BUS.EASE.XQ,UKR,YR2017,
IC.BUS.EASE.XQ,UKR,YR2018,
IC.BUS.EASE.XQ,UKR,YR2019,
IC.BUS.EASE.XQ,UKR,YR2020,64
IC.BUS.EASE.XQ,ARE,YR2011,
IC.BUS.EASE.XQ,ARE,YR2012,
IC.BUS.EASE.XQ,ARE,YR2013,
IC.BUS.EASE.XQ,ARE,YR2014,
IC.BUS.EASE.XQ,ARE,YR2015,
IC.BUS.EASE.XQ,ARE,YR2016,
IC.BUS.EASE.XQ,ARE,YR2017,
IC.BUS.EASE.XQ,ARE,YR2018,
IC.BUS.EASE.XQ,ARE,YR2019,
IC.BUS.EASE.XQ,ARE,YR2020,16
IC.BUS.EASE.XQ,GBR,YR2011,
IC.BUS.EASE.XQ,GBR,YR2012,
IC.BUS.EASE.XQ,GBR,YR2013,
IC.BUS.EASE.XQ,GBR,YR2014,
IC.BUS.EASE.XQ,GBR,YR2015,
IC.BUS.EASE.XQ,GBR,YR2016,
IC.BUS.EASE.XQ,GBR,YR2017,
IC.BUS.EASE.XQ,GBR,YR2018,
IC.BUS.EASE.XQ,GBR,YR2019,
IC.BUS.EASE.XQ,GBR,YR2020,8
IC.BUS.EASE.XQ,USA,YR2011,
IC.BUS.EASE.XQ,USA,YR2012,
IC.BUS.EASE.XQ,USA,YR2013,
IC.BUS.EASE.XQ,USA,YR2014,
IC.BUS.EASE.XQ,USA,YR2015,
IC.BUS.EASE.XQ,USA,YR2016,
IC.BUS.EASE.XQ,USA,YR2017,
IC.BUS.EASE.XQ,USA,YR2018,
IC.BUS.EASE.XQ,USA,YR2019,
IC.BUS.EASE.XQ,USA,YR2020,6
IC.BUS.EASE.XQ,URY,YR2011,
IC.BUS.EASE.XQ,URY,YR2012,
IC.BUS.EASE.XQ,URY,YR2013,
IC.BUS.EASE.XQ,URY,YR2014,
IC.BUS.EASE.XQ,URY,YR2015,
IC.BUS.EASE.XQ,URY,YR2016,
IC.BUS.EASE.XQ,URY,YR2017,
IC.BUS.EASE.XQ,URY,YR2018,
IC.BUS.EASE.XQ,URY,YR2019,
IC.BUS.EASE.XQ,URY,YR2020,101
IC.BUS.EASE.XQ,UZB,YR2011,
IC.BUS.EASE.XQ,UZB,YR2012,
IC.BUS.EASE.XQ,UZB,YR2013,
IC.BUS.EASE.XQ,UZB,YR2014,
IC.BUS.EASE.XQ,UZB,YR2015,
IC.BUS.EASE.XQ,UZB,YR2016,
IC.BUS.EASE.XQ,UZB,YR2017,
IC.BUS.EASE.XQ,UZB,YR2018,
IC.BUS.EASE.XQ,UZB,YR2019,
IC.BUS.EASE.XQ,UZB,YR2020,69
IC.BUS.EASE.XQ,VUT,YR2011,
IC.BUS.EASE.XQ,VUT,YR2012,
IC.BUS.EASE.XQ,VUT,YR2013,
IC.BUS.EASE.XQ,VUT,YR2014,
IC.BUS.EASE.XQ,VUT,YR2015,
IC.BUS.EASE.XQ,VUT,YR2016,
IC.BUS.EASE.XQ,VUT,YR2017,
IC.BUS.EASE.XQ,VUT,YR2018,
IC.BUS.EASE.XQ,VUT,YR2019,
IC.BUS.EASE.XQ,VUT,YR2020,107
IC.BUS.EASE.XQ,VEN,YR2011,
IC.BUS.EASE.XQ,VEN,YR2012,
IC.BUS.EASE.XQ,VEN,YR2013,
IC.BUS.EASE.XQ,VEN,YR2014,
IC.BUS.EASE.XQ,VEN,YR2015,
IC.BUS.EASE.XQ,VEN,YR2016,
IC.BUS.EASE.XQ,VEN,YR2017,
IC.BUS.EASE.XQ,VEN,YR2018,
IC.BUS.EASE.XQ,VEN,YR2019,
IC.BUS.EASE.XQ,VEN,YR2020,188
IC.BUS.EASE.XQ,VNM,YR2011,
IC.BUS.EASE.XQ,VNM,YR2012,
IC.BUS.EASE.XQ,VNM,YR2013,
IC.BUS.EASE.XQ,VNM,YR2014,
IC.BUS.EASE.XQ,VNM,YR2015,
IC.BUS.EASE.XQ,VNM,YR2016,
IC.BUS.EASE.XQ,VNM,YR2017,
IC.BUS.EASE.XQ,VNM,YR2018,
IC.BUS.EASE.XQ,VNM,YR2019,
IC.BUS.EASE.XQ,VNM,YR2020,70
IC.BUS.EASE.XQ,PSE,YR2011,
IC.BUS.EASE.XQ,PSE,YR2012,
IC.BUS.EASE.XQ,PSE,YR2013,
IC.BUS.EASE.XQ,PSE,YR2014,
IC.BUS.EASE.XQ,PSE,YR2015,
IC.BUS.EASE.XQ,PSE,YR2016,
IC.BUS.EASE.XQ,PSE,YR2017,
IC.BUS.EASE.XQ,PSE,YR2018,
IC.BUS.EASE.XQ,PSE,YR2019,
IC.BUS.EASE.XQ,PSE,YR2020,117
IC.BUS.EASE.XQ,YEM,YR2011,
IC.BUS.EASE.XQ,YEM,YR2012,
IC.BUS.EASE.XQ,YEM,YR2013,
IC.BUS.EASE.XQ,YEM,YR2014,
IC.BUS.EASE.XQ,YEM,YR2015,
IC.BUS.EASE.XQ,YEM,YR2016,
IC.BUS.EASE.XQ,YEM,YR2017,
IC.BUS.EASE.XQ,YEM,YR2018,
IC.BUS.EASE.XQ,YEM,YR2019,
IC.BUS.EASE.XQ,YEM,YR2020,187
IC.BUS.EASE.XQ,ZMB,YR2011,
IC.BUS.EASE.XQ,ZMB,YR2012,
IC.BUS.EASE.XQ,ZMB,YR2013,
IC.BUS.EASE.XQ,ZMB,YR2014,
IC.BUS.EASE.XQ,ZMB,YR2015,
IC.BUS.EASE.XQ,ZMB,YR2016,
IC.BUS.EASE.XQ,ZMB,YR2017,
IC.BUS.EASE.XQ,ZMB,YR2018,
IC.BUS.EASE.XQ,ZMB,YR2019,
IC.BUS.EASE.XQ,ZMB,YR2020,85
IC.BUS.EASE.XQ,ZWE,YR2011,
IC.BUS.EASE.XQ,ZWE,YR2012,
IC.BUS.EASE.XQ,ZWE,YR2013,
IC.BUS.EASE.XQ,ZWE,YR2014,
IC.BUS.EASE.XQ,ZWE,YR2015,
IC.BUS.EASE.XQ,ZWE,YR2016,
IC.BUS.EASE.XQ,ZWE,YR2017,
IC.BUS.EASE.XQ,ZWE,YR2018,
IC.BUS.EASE.XQ,ZWE,YR2019,
IC.BUS.EASE.XQ,ZWE,YR2020,140
,,,
,,,
,,,
Data from database: Doing Business,,,
Last Updated: 08/18/2021,,,
